Rk,Player,Age,Team,Pos,G,GS,MP,FG,FGA,FG%,3P,3PA,3P%,2P,2PA,2P%,eFG%,FT,FTA,FT%,ORB,DRB,TRB,AST,STL,BLK,TOV,PF,PTS,Awards,Salary,Guaranteed,PlayerID
1.0,Luka Dončić,24.0,DAL,PG,70.0,70.0,2624.0,804.0,1652.0,0.487,284.0,744.0,0.382,520.0,908.0,0.573,0.573,478.0,608.0,0.786,59.0,588.0,647.0,686.0,99.0,38.0,282.0,149.0,2370.0,MVP-3CPOY-6ASNBA1,43031940.0,89031600.0,doncilu01
2.0,Shai Gilgeous-Alexander,25.0,OKC,PG,75.0,75.0,2553.0,796.0,1487.0,0.535,95.0,269.0,0.353,701.0,1218.0,0.576,0.567,567.0,649.0,0.874,65.0,350.0,415.0,465.0,150.0,67.0,162.0,184.0,2254.0,MVP-2DPOY-7CPOY-3ASNBA1,35859950.0,114999150.0,gilgesh01
3.0,Giannis Antetokounmpo,29.0,MIL,PF,73.0,73.0,2567.0,837.0,1369.0,0.611,34.0,124.0,0.274,803.0,1245.0,0.645,0.624,514.0,782.0,0.657,196.0,645.0,841.0,476.0,87.0,79.0,250.0,210.0,2222.0,MVP-4DPOY-9CPOY-12ASNBA1,48787676.0,161370692.0,antetgi01
4.0,Jalen Brunson,27.0,NYK,PG,77.0,77.0,2726.0,790.0,1648.0,0.479,211.0,526.0,0.401,579.0,1122.0,0.516,0.543,421.0,497.0,0.847,43.0,235.0,278.0,519.0,70.0,13.0,186.0,144.0,2212.0,MVP-5CPOY-5ASNBA2,24960001.0,138178564.0,brunsja01
5.0,Nikola Jokić,28.0,DEN,C,79.0,79.0,2737.0,822.0,1411.0,0.583,83.0,231.0,0.359,739.0,1180.0,0.626,0.612,358.0,438.0,0.817,223.0,753.0,976.0,708.0,108.0,68.0,237.0,194.0,2085.0,MVP-1CPOY-4ASNBA1,51415938.0,165673578.0,jokicni01
6.0,Anthony Edwards,22.0,MIN,SG,79.0,78.0,2770.0,718.0,1558.0,0.461,190.0,532.0,0.357,528.0,1026.0,0.515,0.522,423.0,506.0,0.836,52.0,378.0,430.0,405.0,101.0,42.0,241.0,141.0,2049.0,MVP-7CPOY-8ASNBA2,42176400.0,244623120.0,edwaran01
7.0,Kevin Durant,35.0,PHO,PF,75.0,75.0,2791.0,751.0,1436.0,0.523,168.0,407.0,0.413,583.0,1029.0,0.567,0.581,362.0,423.0,0.856,41.0,454.0,495.0,378.0,69.0,91.0,244.0,133.0,2032.0,MVP-9ASNBA2,51179021.0,105887630.0,duranke01
8.0,Jayson Tatum,25.0,BOS,PF,74.0,74.0,2645.0,672.0,1426.0,0.471,229.0,609.0,0.376,443.0,817.0,0.542,0.552,414.0,497.0,0.833,67.0,534.0,601.0,364.0,75.0,43.0,188.0,145.0,1987.0,MVP-6CPOY-9ASNBA1,34848340.0,277334836.0,tatumja01
9.0,De'Aaron Fox,26.0,SAC,PG,74.0,74.0,2659.0,720.0,1549.0,0.465,214.0,580.0,0.369,506.0,969.0,0.522,0.534,312.0,423.0,0.738,67.0,273.0,340.0,418.0,150.0,31.0,194.0,193.0,1966.0,CPOY-12,34848340.0,71944960.0,foxde01
10.0,Stephen Curry,35.0,GSW,PG,74.0,74.0,2421.0,650.0,1445.0,0.45,357.0,876.0,0.408,293.0,569.0,0.515,0.573,299.0,324.0,0.923,37.0,293.0,330.0,379.0,54.0,28.0,210.0,117.0,1956.0,CPOY-1ASNBA3,55761216.0,115368033.0,curryst01
11.0,DeMar DeRozan,34.0,CHI,SF,79.0,79.0,2989.0,650.0,1355.0,0.48,75.0,225.0,0.333,575.0,1130.0,0.509,0.507,522.0,612.0,0.853,43.0,297.0,340.0,421.0,90.0,45.0,135.0,161.0,1897.0,CPOY-2,23400000.0,47970000.0,derozde01
12.0,Anthony Davis,30.0,LAL,C,76.0,76.0,2700.0,713.0,1283.0,0.556,29.0,107.0,0.271,684.0,1176.0,0.582,0.567,421.0,516.0,0.816,239.0,722.0,961.0,266.0,91.0,178.0,159.0,177.0,1876.0,DPOY-4ASNBA2,43219440.0,239262819.0,davisan02
13.0,Devin Booker,27.0,PHO,PG,68.0,68.0,2447.0,642.0,1305.0,0.492,152.0,418.0,0.364,490.0,887.0,0.552,0.55,405.0,457.0,0.886,56.0,252.0,308.0,472.0,61.0,28.0,178.0,206.0,1841.0,ASNBA3,49205800.0,220441984.0,bookede01
14.0,LeBron James,39.0,LAL,PF,71.0,71.0,2504.0,685.0,1269.0,0.54,149.0,363.0,0.41,536.0,906.0,0.592,0.599,303.0,404.0,0.75,61.0,457.0,518.0,589.0,89.0,38.0,245.0,78.0,1822.0,CPOY-10ASNBA3,48728845.0,48728845.0,jamesle01
15.0,Tyrese Maxey,23.0,PHI,PG,70.0,70.0,2626.0,638.0,1419.0,0.45,212.0,569.0,0.373,426.0,850.0,0.501,0.524,328.0,378.0,0.868,36.0,222.0,258.0,433.0,69.0,33.0,116.0,151.0,1816.0,MIP-1AS,35147000.0,203852600.0,maxeyty01
16.0,Paolo Banchero,21.0,ORL,PF,80.0,80.0,2799.0,640.0,1407.0,0.455,119.0,351.0,0.339,521.0,1056.0,0.493,0.497,405.0,559.0,0.725,82.0,472.0,554.0,431.0,71.0,47.0,247.0,153.0,1804.0,AS,12160800.0,12160800.0,banchpa01
17.0,Damian Lillard,33.0,MIL,PG,73.0,73.0,2579.0,541.0,1277.0,0.424,220.0,622.0,0.354,321.0,655.0,0.49,0.51,473.0,514.0,0.92,36.0,284.0,320.0,508.0,72.0,18.0,193.0,134.0,1775.0,CPOY-11AS,48787676.0,102914126.0,lillada01
18.0,Dejounte Murray,27.0,ATL,SG,78.0,78.0,2783.0,672.0,1463.0,0.459,201.0,554.0,0.363,471.0,909.0,0.518,0.528,208.0,262.0,0.794,62.0,354.0,416.0,502.0,111.0,24.0,201.0,138.0,1753.0,,25499599.0,82618704.0,murrade01
19.0,Pascal Siakam,29.0,IND,PF,80.0,80.0,2657.0,681.0,1271.0,0.536,85.0,246.0,0.346,596.0,1025.0,0.581,0.569,290.0,396.0,0.732,139.0,426.0,565.0,342.0,63.0,25.0,141.0,193.0,1737.0,,42176400.0,188950272.0,siakapa01
20.0,Paul George,33.0,LAC,PF,74.0,74.0,2502.0,582.0,1236.0,0.471,243.0,588.0,0.413,339.0,648.0,0.523,0.569,264.0,291.0,0.907,37.0,351.0,388.0,262.0,113.0,37.0,153.0,202.0,1671.0,AS,49205800.0,154998270.0,georgpa01
21.0,Kawhi Leonard,32.0,LAC,SF,68.0,68.0,2330.0,610.0,1162.0,0.525,140.0,336.0,0.417,470.0,826.0,0.569,0.585,253.0,286.0,0.885,84.0,332.0,416.0,244.0,111.0,59.0,119.0,97.0,1613.0,ASNBA2,49205800.0,149505800.0,leonaka01
22.0,Jaylen Brown,27.0,BOS,SF,70.0,70.0,2343.0,627.0,1256.0,0.499,145.0,410.0,0.354,482.0,846.0,0.57,0.557,211.0,300.0,0.703,84.0,303.0,387.0,249.0,83.0,37.0,166.0,185.0,1610.0,AS,49700000.0,288260000.0,brownja02
23.0,Jalen Green,21.0,HOU,SG,82.0,82.0,2601.0,563.0,1332.0,0.423,201.0,605.0,0.332,362.0,727.0,0.498,0.498,283.0,352.0,0.804,41.0,382.0,423.0,291.0,66.0,28.0,191.0,115.0,1610.0,,12483048.0,12483048.0,greenja05
24.0,Mikal Bridges,27.0,BRK,SF,82.0,82.0,2854.0,564.0,1294.0,0.436,220.0,592.0,0.372,344.0,702.0,0.49,0.521,258.0,317.0,0.814,68.0,304.0,372.0,299.0,81.0,30.0,164.0,116.0,1606.0,,23300000.0,48200000.0,bridgmi01
25.0,Zion Williamson,23.0,NOP,PF,70.0,70.0,2207.0,624.0,1094.0,0.57,6.0,18.0,0.333,618.0,1076.0,0.574,0.573,347.0,494.0,0.702,122.0,284.0,406.0,352.0,77.0,47.0,193.0,159.0,1601.0,,36725670.0,163225200.0,willizi01
26.0,Domantas Sabonis,27.0,SAC,C,82.0,82.0,2928.0,634.0,1068.0,0.594,33.0,87.0,0.379,601.0,981.0,0.613,0.609,292.0,415.0,0.704,294.0,826.0,1120.0,673.0,74.0,48.0,272.0,250.0,1593.0,MVP-8DPOY-10NBA3,40500000.0,180816000.0,sabondo01
27.0,Kyle Kuzma,28.0,WAS,PF,70.0,70.0,2281.0,608.0,1313.0,0.463,151.0,450.0,0.336,457.0,863.0,0.53,0.521,186.0,240.0,0.775,62.0,402.0,464.0,296.0,37.0,49.0,192.0,153.0,1553.0,,23522727.0,64431818.0,kuzmaky01
28.0,Victor Wembanyama,20.0,SAS,C,71.0,71.0,2106.0,551.0,1186.0,0.465,128.0,394.0,0.325,423.0,792.0,0.534,0.519,292.0,367.0,0.796,161.0,594.0,755.0,274.0,88.0,254.0,260.0,153.0,1522.0,ROY-1DPOY-2,12768960.0,12768960.0,wembavi01
29.0,Coby White,23.0,CHI,PG,79.0,78.0,2881.0,541.0,1209.0,0.447,209.0,556.0,0.376,332.0,653.0,0.508,0.534,218.0,260.0,0.838,44.0,314.0,358.0,405.0,53.0,18.0,166.0,186.0,1509.0,,12000000.0,24888889.0,whiteco01
30.0,Kyrie Irving,31.0,DAL,SG,58.0,58.0,2030.0,562.0,1131.0,0.497,173.0,421.0,0.411,389.0,710.0,0.548,0.573,190.0,210.0,0.905,44.0,246.0,290.0,299.0,74.0,28.0,106.0,112.0,1487.0,CPOY-7,41000000.0,41000000.0,irvinky01
31.0,Jaren Jackson Jr.,24.0,MEM,C,66.0,66.0,2124.0,516.0,1162.0,0.444,117.0,366.0,0.32,399.0,796.0,0.501,0.494,337.0,417.0,0.808,85.0,280.0,365.0,154.0,80.0,106.0,160.0,235.0,1486.0,,25257798.0,48671193.0,jacksja02
32.0,Cam Thomas,22.0,BRK,SG,66.0,51.0,2075.0,526.0,1190.0,0.442,144.0,396.0,0.364,382.0,794.0,0.481,0.503,286.0,334.0,0.856,28.0,186.0,214.0,192.0,45.0,16.0,124.0,138.0,1482.0,,4041249.0,,thomaca02
33.0,Donovan Mitchell,27.0,CLE,SG,55.0,55.0,1942.0,503.0,1089.0,0.462,182.0,494.0,0.368,321.0,595.0,0.539,0.545,275.0,318.0,0.865,46.0,234.0,280.0,333.0,101.0,30.0,154.0,118.0,1463.0,AS,35410310.0,131910038.0,mitchdo01
34.0,Collin Sexton,25.0,UTA,SG,78.0,51.0,2075.0,506.0,1038.0,0.487,128.0,325.0,0.394,378.0,713.0,0.53,0.549,318.0,370.0,0.859,71.0,134.0,205.0,383.0,62.0,18.0,165.0,154.0,1458.0,,18350000.0,37525000.0,sextoco01
35.0,Miles Bridges,25.0,CHO,SF,69.0,67.0,2581.0,559.0,1210.0,0.462,157.0,450.0,0.349,402.0,760.0,0.529,0.527,174.0,211.0,0.825,71.0,434.0,505.0,231.0,65.0,33.0,138.0,118.0,1449.0,,27173913.0,75000000.0,bridgmi02
36.0,Franz Wagner,22.0,ORL,SF,72.0,72.0,2337.0,528.0,1096.0,0.482,94.0,334.0,0.281,434.0,762.0,0.57,0.525,271.0,319.0,0.85,72.0,309.0,381.0,269.0,76.0,28.0,137.0,168.0,1421.0,,7007092.0,231245242.0,wagnefr01
37.0,Cade Cunningham,22.0,DET,PG,62.0,62.0,2074.0,524.0,1167.0,0.449,119.0,335.0,0.355,405.0,832.0,0.487,0.5,238.0,274.0,0.869,33.0,235.0,268.0,464.0,56.0,22.0,212.0,153.0,1405.0,,13940809.0,238178959.0,cunnica01
38.0,Tyrese Haliburton,23.0,IND,PG,69.0,68.0,2224.0,500.0,1048.0,0.477,195.0,535.0,0.364,305.0,513.0,0.595,0.57,194.0,227.0,0.855,35.0,236.0,271.0,752.0,83.0,48.0,159.0,75.0,1389.0,ASNBA3,42176400.0,244623120.0,halibty01
39.0,Trae Young,25.0,ATL,PG,54.0,54.0,1942.0,433.0,1008.0,0.43,175.0,469.0,0.373,258.0,539.0,0.479,0.516,348.0,407.0,0.855,23.0,126.0,149.0,583.0,72.0,11.0,235.0,109.0,1389.0,AS,43031940.0,137998980.0,youngtr01
40.0,Klay Thompson,33.0,GSW,SF,77.0,63.0,2284.0,490.0,1133.0,0.432,268.0,692.0,0.387,222.0,441.0,0.503,0.551,127.0,137.0,0.927,35.0,219.0,254.0,176.0,50.0,35.0,117.0,127.0,1375.0,,15873016.0,50000000.0,thompkl01
41.0,Nikola Vučević,33.0,CHI,C,76.0,74.0,2610.0,586.0,1211.0,0.484,92.0,313.0,0.294,494.0,898.0,0.55,0.522,106.0,129.0,0.822,210.0,591.0,801.0,254.0,50.0,60.0,120.0,190.0,1370.0,,20000000.0,41481481.0,vucevni01
42.0,D'Angelo Russell,27.0,LAL,PG,76.0,69.0,2484.0,492.0,1080.0,0.456,226.0,545.0,0.415,266.0,535.0,0.497,0.56,159.0,192.0,0.828,28.0,208.0,236.0,482.0,69.0,36.0,156.0,156.0,1369.0,,18692307.0,18692307.0,russeda01
43.0,Bam Adebayo,26.0,MIA,C,71.0,71.0,2416.0,530.0,1017.0,0.521,15.0,42.0,0.357,515.0,975.0,0.528,0.529,292.0,387.0,0.755,159.0,578.0,737.0,278.0,81.0,66.0,162.0,159.0,1367.0,DPOY-3AS,34848340.0,173269456.0,adebaba01
44.0,Chet Holmgren,21.0,OKC,C,82.0,82.0,2413.0,505.0,953.0,0.53,129.0,349.0,0.37,376.0,604.0,0.623,0.598,218.0,275.0,0.793,129.0,519.0,648.0,200.0,53.0,190.0,131.0,197.0,1357.0,ROY-2,10880640.0,10880640.0,holmgch01
45.0,Jordan Poole,24.0,WAS,SG,78.0,66.0,2346.0,490.0,1186.0,0.413,184.0,564.0,0.326,306.0,622.0,0.492,0.491,192.0,219.0,0.877,32.0,180.0,212.0,343.0,86.0,25.0,188.0,244.0,1356.0,,29651786.0,95544643.0,poolejo01
46.0,Michael Porter Jr.,25.0,DEN,SF,81.0,81.0,2565.0,522.0,1079.0,0.484,220.0,554.0,0.397,302.0,525.0,0.575,0.586,92.0,110.0,0.836,106.0,459.0,565.0,122.0,42.0,53.0,92.0,148.0,1356.0,,35859950.0,86193000.0,portemi01
47.0,Jalen Williams,22.0,OKC,PF,71.0,71.0,2223.0,536.0,993.0,0.54,103.0,241.0,0.427,433.0,752.0,0.576,0.592,180.0,221.0,0.814,37.0,245.0,282.0,322.0,80.0,45.0,123.0,175.0,1355.0,CPOY-12,4775760.0,4775760.0,willija06
48.0,Joel Embiid,29.0,PHI,C,39.0,39.0,1309.0,450.0,851.0,0.529,54.0,139.0,0.388,396.0,712.0,0.556,0.561,399.0,452.0,0.883,95.0,335.0,430.0,219.0,46.0,66.0,150.0,112.0,1353.0,AS,51415938.0,106640464.0,embiijo01
49.0,Karl-Anthony Towns,28.0,MIN,PF,62.0,62.0,2026.0,479.0,951.0,0.504,136.0,327.0,0.416,343.0,624.0,0.55,0.575,255.0,292.0,0.873,94.0,421.0,515.0,189.0,43.0,41.0,177.0,204.0,1349.0,AS,49205800.0,159426792.0,townska01
50.0,Bogdan Bogdanović,31.0,ATL,SG,79.0,33.0,2401.0,471.0,1100.0,0.428,240.0,641.0,0.374,231.0,459.0,0.503,0.537,151.0,164.0,0.921,53.0,219.0,272.0,247.0,96.0,26.0,112.0,179.0,1333.0,6MOY-5,17260000.0,33280000.0,bogdabo01
51.0,Brandon Ingram,26.0,NOP,SF,64.0,64.0,2103.0,500.0,1017.0,0.492,86.0,242.0,0.355,414.0,775.0,0.534,0.534,246.0,307.0,0.801,43.0,281.0,324.0,363.0,50.0,40.0,163.0,145.0,1332.0,,36016200.0,36016200.0,ingrabr01
52.0,Alperen Sengun,21.0,HOU,C,63.0,63.0,2046.0,527.0,982.0,0.537,33.0,111.0,0.297,494.0,871.0,0.567,0.553,244.0,352.0,0.693,183.0,406.0,589.0,312.0,76.0,46.0,162.0,211.0,1331.0,,5424654.0,5424654.0,sengual01
53.0,Devin Vassell,23.0,SAS,SG,68.0,62.0,2248.0,498.0,1056.0,0.472,166.0,446.0,0.372,332.0,610.0,0.544,0.55,161.0,201.0,0.801,27.0,234.0,261.0,277.0,73.0,23.0,108.0,74.0,1323.0,,29347826.0,135000000.0,vassede01
54.0,CJ McCollum,32.0,NOP,PG,66.0,66.0,2159.0,484.0,1055.0,0.459,239.0,557.0,0.429,245.0,498.0,0.492,0.572,115.0,139.0,0.827,39.0,247.0,286.0,305.0,62.0,41.0,110.0,126.0,1322.0,,33333333.0,63999999.0,mccolcj01
55.0,Myles Turner,27.0,IND,C,77.0,77.0,2076.0,476.0,909.0,0.524,116.0,324.0,0.358,360.0,585.0,0.615,0.587,245.0,317.0,0.773,113.0,420.0,533.0,100.0,39.0,144.0,109.0,232.0,1313.0,,19928500.0,19928500.0,turnemy01
56.0,Austin Reaves,25.0,LAL,SG,82.0,57.0,2629.0,457.0,940.0,0.486,154.0,420.0,0.367,303.0,520.0,0.583,0.568,232.0,272.0,0.853,57.0,295.0,352.0,450.0,66.0,25.0,174.0,153.0,1300.0,,12976362.0,26913936.0,reaveau01
57.0,Brandon Miller,21.0,CHO,SF,74.0,68.0,2383.0,476.0,1083.0,0.44,184.0,493.0,0.373,292.0,590.0,0.495,0.524,143.0,173.0,0.827,60.0,255.0,315.0,175.0,66.0,42.0,132.0,184.0,1279.0,ROY-3,11424600.0,11424600.0,millebr02
58.0,Lauri Markkanen,26.0,UTA,PF,55.0,55.0,1820.0,427.0,890.0,0.48,175.0,439.0,0.399,252.0,451.0,0.559,0.578,249.0,277.0,0.899,122.0,327.0,449.0,110.0,50.0,26.0,77.0,100.0,1278.0,,42176400.0,42176400.0,markkla01
59.0,Jarrett Allen,25.0,CLE,C,77.0,77.0,2442.0,519.0,819.0,0.634,0.0,6.0,0.0,519.0,813.0,0.638,0.634,233.0,314.0,0.742,243.0,568.0,811.0,210.0,53.0,81.0,121.0,147.0,1271.0,DPOY-10,20000000.0,40000000.0,allenja01
60.0,Fred VanVleet,29.0,HOU,PG,73.0,73.0,2684.0,423.0,1018.0,0.416,227.0,586.0,0.387,196.0,432.0,0.454,0.527,197.0,229.0,0.86,33.0,245.0,278.0,589.0,101.0,59.0,126.0,183.0,1270.0,,42846615.0,42846615.0,vanvlfr01
61.0,Donte DiVincenzo,27.0,NYK,SG,81.0,63.0,2360.0,445.0,1004.0,0.443,283.0,705.0,0.401,162.0,299.0,0.542,0.584,86.0,114.0,0.754,63.0,234.0,297.0,216.0,107.0,36.0,113.0,166.0,1259.0,,11445000.0,35970000.0,divindo01
62.0,Jamal Murray,26.0,DEN,PG,59.0,59.0,1861.0,474.0,986.0,0.481,145.0,341.0,0.425,329.0,645.0,0.51,0.554,157.0,184.0,0.853,42.0,200.0,242.0,384.0,57.0,39.0,125.0,104.0,1250.0,,36016200.0,36016200.0,murraja01
63.0,Jimmy Butler,34.0,MIA,PF,60.0,60.0,2042.0,396.0,793.0,0.499,60.0,145.0,0.414,336.0,648.0,0.519,0.537,394.0,459.0,0.858,105.0,213.0,318.0,298.0,79.0,17.0,102.0,68.0,1246.0,,48798677.0,48798677.0,butleji01
64.0,Terry Rozier,29.0,MIA,SG,61.0,60.0,2040.0,442.0,998.0,0.443,149.0,410.0,0.363,293.0,588.0,0.498,0.518,172.0,198.0,0.869,35.0,212.0,247.0,342.0,63.0,21.0,106.0,101.0,1205.0,,24924126.0,51567157.0,roziete01
65.0,Tobias Harris,31.0,PHI,PF,70.0,70.0,2368.0,463.0,951.0,0.487,91.0,258.0,0.353,372.0,693.0,0.537,0.535,187.0,213.0,0.878,80.0,373.0,453.0,217.0,70.0,46.0,93.0,115.0,1204.0,,25365854.0,52000000.0,harrito02
66.0,James Harden,34.0,LAC,PG,72.0,72.0,2470.0,352.0,822.0,0.428,186.0,488.0,0.381,166.0,334.0,0.497,0.541,302.0,344.0,0.878,34.0,335.0,369.0,614.0,77.0,57.0,185.0,127.0,1192.0,,33653846.0,33653846.0,hardeja01
67.0,Scottie Barnes,22.0,TOR,SG,60.0,60.0,2094.0,447.0,942.0,0.475,101.0,296.0,0.341,346.0,646.0,0.536,0.528,196.0,251.0,0.781,141.0,353.0,494.0,363.0,75.0,88.0,165.0,118.0,1191.0,AS,10130980.0,234369130.0,barnesc01
68.0,Jonathan Kuminga,21.0,GSW,PF,74.0,46.0,1949.0,456.0,862.0,0.529,53.0,165.0,0.321,403.0,697.0,0.578,0.56,223.0,299.0,0.746,92.0,263.0,355.0,163.0,55.0,36.0,122.0,169.0,1188.0,,7636307.0,7636307.0,kuminjo01
69.0,Jaden Ivey,21.0,DET,SG,77.0,61.0,2217.0,417.0,973.0,0.429,124.0,369.0,0.336,293.0,604.0,0.485,0.492,227.0,303.0,0.749,86.0,178.0,264.0,296.0,57.0,41.0,190.0,204.0,1185.0,,7977240.0,7977240.0,iveyja01
70.0,Keegan Murray,23.0,SAC,SF,77.0,77.0,2588.0,443.0,975.0,0.454,183.0,511.0,0.358,260.0,464.0,0.56,0.548,103.0,124.0,0.831,106.0,314.0,420.0,129.0,79.0,59.0,64.0,205.0,1172.0,,8809560.0,8809560.0,murrake02
71.0,RJ Barrett,23.0,TOR,SG,58.0,58.0,1838.0,436.0,880.0,0.495,90.0,250.0,0.36,346.0,630.0,0.549,0.547,208.0,291.0,0.715,53.0,262.0,315.0,193.0,31.0,22.0,126.0,129.0,1170.0,,25794643.0,83116071.0,barrerj01
72.0,Immanuel Quickley,24.0,TOR,SG,68.0,38.0,1985.0,388.0,894.0,0.434,171.0,433.0,0.395,217.0,461.0,0.471,0.53,209.0,245.0,0.853,17.0,242.0,259.0,331.0,50.0,10.0,101.0,119.0,1156.0,,32500000.0,130000000.0,quickim01
73.0,Kristaps Porziņģis,28.0,BOS,C,57.0,57.0,1690.0,388.0,752.0,0.516,110.0,293.0,0.375,278.0,459.0,0.606,0.589,259.0,302.0,0.858,97.0,312.0,409.0,115.0,42.0,111.0,89.0,156.0,1145.0,,29268293.0,60000000.0,porzikr01
74.0,Tim Hardaway Jr.,31.0,DAL,SF,79.0,12.0,2120.0,392.0,976.0,0.402,211.0,597.0,0.353,181.0,379.0,0.478,0.51,144.0,169.0,0.852,22.0,232.0,254.0,139.0,42.0,6.0,69.0,106.0,1139.0,6MOY-9,16193183.0,16193183.0,hardati02
75.0,Jerami Grant,29.0,POR,PF,54.0,54.0,1830.0,383.0,850.0,0.451,111.0,276.0,0.402,272.0,574.0,0.474,0.516,255.0,312.0,0.817,37.0,154.0,191.0,152.0,45.0,34.0,116.0,117.0,1132.0,,29793104.0,96000003.0,grantje01
76.0,Bobby Portis,28.0,MIL,PF,82.0,4.0,2008.0,466.0,918.0,0.508,100.0,246.0,0.407,366.0,672.0,0.545,0.562,98.0,124.0,0.79,142.0,465.0,607.0,104.0,68.0,34.0,91.0,189.0,1130.0,6MOY-3,12578286.0,12578286.0,portibo01
77.0,Dennis Schröder,30.0,BRK,PG,80.0,58.0,2486.0,403.0,927.0,0.435,138.0,368.0,0.375,265.0,559.0,0.474,0.509,178.0,213.0,0.836,39.0,203.0,242.0,488.0,63.0,17.0,153.0,164.0,1122.0,,13025250.0,13025250.0,schrode01
78.0,Malik Monk,25.0,SAC,SG,72.0,0.0,1872.0,396.0,893.0,0.443,148.0,423.0,0.35,248.0,470.0,0.528,0.526,170.0,205.0,0.829,28.0,184.0,212.0,370.0,45.0,39.0,150.0,156.0,1110.0,CPOY-126MOY-2,17405203.0,56392857.0,monkma01
79.0,Derrick White,29.0,BOS,SG,73.0,73.0,2381.0,387.0,839.0,0.461,196.0,495.0,0.396,191.0,344.0,0.555,0.578,137.0,152.0,0.901,51.0,259.0,310.0,377.0,74.0,87.0,112.0,152.0,1107.0,DPOY-8,20071429.0,111115429.0,whitede01
80.0,Deni Avdija,23.0,WAS,SF,75.0,75.0,2257.0,406.0,803.0,0.506,88.0,235.0,0.374,318.0,568.0,0.56,0.56,202.0,273.0,0.74,84.0,456.0,540.0,286.0,60.0,36.0,160.0,185.0,1102.0,,15625000.0,55000000.0,avdijde01
81.0,Julius Randle,29.0,NYK,PF,46.0,46.0,1630.0,395.0,836.0,0.472,76.0,244.0,0.311,319.0,592.0,0.539,0.518,236.0,302.0,0.781,99.0,324.0,423.0,229.0,25.0,12.0,159.0,125.0,1102.0,AS,28939680.0,28939680.0,randlju01
82.0,Naz Reid,24.0,MIN,C,81.0,14.0,1964.0,406.0,851.0,0.477,169.0,408.0,0.414,237.0,443.0,0.535,0.576,109.0,148.0,0.736,73.0,350.0,423.0,106.0,63.0,73.0,111.0,172.0,1090.0,6MOY-1,13986432.0,13986432.0,reidna01
83.0,Keldon Johnson,24.0,SAS,SF,69.0,27.0,2038.0,391.0,862.0,0.454,127.0,367.0,0.346,264.0,495.0,0.533,0.527,175.0,221.0,0.792,95.0,282.0,377.0,195.0,51.0,20.0,100.0,149.0,1084.0,,19000000.0,54000000.0,johnske04
84.0,Corey Kispert,24.0,WAS,SF,80.0,22.0,2067.0,386.0,794.0,0.486,184.0,480.0,0.383,202.0,314.0,0.643,0.602,114.0,157.0,0.726,30.0,195.0,225.0,156.0,41.0,16.0,98.0,141.0,1070.0,,5705887.0,5705887.0,kispeco01
85.0,Rudy Gobert,31.0,MIN,C,76.0,76.0,2593.0,406.0,614.0,0.661,0.0,3.0,0.0,406.0,611.0,0.664,0.661,249.0,390.0,0.638,285.0,697.0,982.0,102.0,52.0,162.0,118.0,238.0,1061.0,DPOY-1,43827586.0,43827586.0,goberru01
86.0,Norman Powell,30.0,LAC,SG,76.0,3.0,1990.0,373.0,768.0,0.486,167.0,384.0,0.435,206.0,384.0,0.536,0.594,143.0,172.0,0.831,16.0,179.0,195.0,82.0,43.0,22.0,66.0,137.0,1056.0,6MOY-4,19241379.0,39724137.0,powelno01
87.0,Kelly Oubre Jr.,28.0,PHI,SF,68.0,52.0,2055.0,387.0,878.0,0.441,101.0,325.0,0.311,286.0,553.0,0.517,0.498,174.0,232.0,0.75,94.0,247.0,341.0,101.0,77.0,47.0,87.0,194.0,1049.0,,7983000.0,7983000.0,oubreke01
88.0,Jabari Smith Jr.,20.0,HOU,PF,76.0,76.0,2424.0,378.0,833.0,0.454,138.0,380.0,0.363,240.0,453.0,0.53,0.537,150.0,185.0,0.811,139.0,477.0,616.0,121.0,52.0,61.0,89.0,200.0,1044.0,,9770880.0,9770880.0,smithja05
89.0,Anfernee Simons,24.0,POR,SG,46.0,46.0,1582.0,360.0,837.0,0.43,156.0,405.0,0.385,204.0,432.0,0.472,0.523,163.0,178.0,0.916,22.0,145.0,167.0,255.0,23.0,5.0,126.0,98.0,1039.0,,25892857.0,53571428.0,simonan01
90.0,Darius Garland,24.0,CLE,PG,57.0,57.0,1901.0,375.0,841.0,0.446,132.0,356.0,0.371,243.0,485.0,0.501,0.524,146.0,175.0,0.834,30.0,122.0,152.0,373.0,74.0,7.0,176.0,95.0,1028.0,,36725670.0,163225200.0,garlada01
91.0,John Collins,26.0,UTA,PF,68.0,66.0,1901.0,397.0,746.0,0.532,86.0,232.0,0.371,311.0,514.0,0.605,0.59,147.0,185.0,0.795,157.0,418.0,575.0,77.0,40.0,61.0,98.0,191.0,1027.0,,26580000.0,26580000.0,collijo01
92.0,Grayson Allen,28.0,PHO,SG,75.0,74.0,2513.0,340.0,682.0,0.499,205.0,445.0,0.461,135.0,237.0,0.57,0.649,129.0,147.0,0.878,48.0,247.0,295.0,227.0,69.0,45.0,95.0,157.0,1014.0,,15625000.0,50625000.0,allengr01
93.0,Aaron Gordon,28.0,DEN,PF,73.0,73.0,2297.0,398.0,716.0,0.556,40.0,138.0,0.29,358.0,578.0,0.619,0.584,177.0,269.0,0.658,174.0,297.0,471.0,259.0,56.0,45.0,105.0,142.0,1013.0,,22841455.0,22841455.0,gordoaa01
94.0,Buddy Hield,31.0,PHI,SF,84.0,42.0,2160.0,371.0,850.0,0.436,219.0,568.0,0.386,152.0,282.0,0.539,0.565,52.0,59.0,0.881,61.0,208.0,269.0,236.0,70.0,42.0,103.0,169.0,1013.0,,8780488.0,27658536.0,hieldbu01
95.0,Jonas Valančiūnas,31.0,NOP,C,82.0,82.0,1925.0,402.0,719.0,0.559,37.0,120.0,0.308,365.0,599.0,0.609,0.585,161.0,205.0,0.785,186.0,535.0,721.0,173.0,32.0,68.0,111.0,218.0,1002.0,,9900000.0,20295000.0,valanjo01
96.0,Harrison Barnes,31.0,SAC,PF,82.0,82.0,2381.0,347.0,732.0,0.474,149.0,385.0,0.387,198.0,347.0,0.571,0.576,157.0,196.0,0.801,67.0,182.0,249.0,99.0,54.0,12.0,58.0,98.0,1000.0,,18000000.0,37000000.0,barneha02
97.0,Desmond Bane,25.0,MEM,SG,42.0,42.0,1443.0,360.0,776.0,0.464,137.0,360.0,0.381,223.0,416.0,0.536,0.552,140.0,161.0,0.87,36.0,149.0,185.0,230.0,43.0,22.0,112.0,120.0,997.0,,34005250.0,197230450.0,banede01
98.0,Brook Lopez,35.0,MIL,C,79.0,79.0,2411.0,366.0,755.0,0.485,148.0,404.0,0.366,218.0,351.0,0.621,0.583,110.0,134.0,0.821,117.0,292.0,409.0,127.0,43.0,189.0,79.0,191.0,990.0,,23000000.0,23000000.0,lopezbr01
99.0,Josh Giddey,21.0,OKC,SG,80.0,80.0,2011.0,402.0,847.0,0.475,82.0,243.0,0.337,320.0,604.0,0.53,0.523,100.0,124.0,0.806,111.0,403.0,514.0,386.0,51.0,44.0,168.0,111.0,986.0,,8352367.0,8352367.0,giddejo01
100.0,Keyonte George,20.0,UTA,PG,75.0,44.0,2023.0,319.0,815.0,0.391,147.0,440.0,0.334,172.0,375.0,0.459,0.482,189.0,223.0,0.848,15.0,196.0,211.0,332.0,36.0,7.0,188.0,91.0,974.0,,4084200.0,4084200.0,georgke01
102.0,Bradley Beal,30.0,PHO,SG,53.0,53.0,1767.0,377.0,735.0,0.513,101.0,235.0,0.43,276.0,500.0,0.552,0.582,109.0,134.0,0.813,54.0,178.0,232.0,265.0,52.0,27.0,131.0,127.0,964.0,,50203930.0,103870200.0,bealbr01
103.0,Caris LeVert,29.0,CLE,SG,68.0,10.0,1958.0,345.0,820.0,0.421,108.0,332.0,0.325,237.0,488.0,0.486,0.487,154.0,201.0,0.766,39.0,241.0,280.0,346.0,76.0,34.0,117.0,121.0,952.0,,16615384.0,16615384.0,leverca01
104.0,Jalen Suggs,22.0,ORL,SG,75.0,75.0,2025.0,336.0,714.0,0.471,153.0,385.0,0.397,183.0,329.0,0.556,0.578,118.0,156.0,0.756,48.0,181.0,229.0,205.0,106.0,47.0,132.0,205.0,943.0,DPOY-10,9188385.0,9188385.0,suggsja01
105.0,Jordan Clarkson,31.0,UTA,SG,55.0,19.0,1682.0,337.0,816.0,0.413,91.0,309.0,0.294,246.0,507.0,0.485,0.469,177.0,201.0,0.881,49.0,139.0,188.0,277.0,35.0,6.0,146.0,81.0,942.0,,14092577.0,28378291.0,clarkjo01
106.0,Andrew Wiggins,28.0,GSW,SF,71.0,59.0,1920.0,353.0,780.0,0.453,91.0,254.0,0.358,262.0,526.0,0.498,0.511,142.0,189.0,0.751,108.0,213.0,321.0,119.0,42.0,41.0,87.0,147.0,939.0,,26276786.0,54500001.0,wiggian01
107.0,P.J. Washington,25.0,DAL,PF,73.0,45.0,2221.0,354.0,811.0,0.436,132.0,413.0,0.32,222.0,398.0,0.558,0.518,99.0,145.0,0.683,85.0,326.0,411.0,141.0,72.0,59.0,96.0,169.0,939.0,,15500000.0,29652174.0,washipj01
108.0,Cole Anthony,23.0,ORL,PG,81.0,0.0,1817.0,332.0,763.0,0.435,93.0,275.0,0.338,239.0,488.0,0.49,0.496,180.0,218.0,0.826,64.0,247.0,311.0,236.0,64.0,37.0,126.0,175.0,937.0,,12900000.0,26000000.0,anthoco01
109.0,Ayo Dosunmu,24.0,CHI,SG,76.0,37.0,2212.0,360.0,719.0,0.501,119.0,295.0,0.403,241.0,424.0,0.568,0.583,85.0,105.0,0.81,54.0,162.0,216.0,242.0,68.0,36.0,103.0,166.0,924.0,,7000000.0,14518518.0,dosunay01
110.0,Rui Hachimura,25.0,LAL,PF,68.0,39.0,1826.0,363.0,676.0,0.537,98.0,232.0,0.422,265.0,444.0,0.597,0.609,99.0,134.0,0.739,58.0,236.0,294.0,81.0,41.0,25.0,46.0,101.0,923.0,,17000000.0,35259259.0,hachiru01
111.0,Deandre Ayton,25.0,POR,C,55.0,55.0,1784.0,427.0,749.0,0.57,1.0,10.0,0.1,426.0,739.0,0.576,0.571,65.0,79.0,0.823,176.0,433.0,609.0,90.0,56.0,42.0,99.0,109.0,920.0,,34005126.0,69555940.0,aytonde01
112.0,Dillon Brooks,28.0,HOU,SF,72.0,72.0,2227.0,329.0,768.0,0.428,133.0,370.0,0.359,196.0,398.0,0.492,0.515,124.0,147.0,0.844,53.0,193.0,246.0,119.0,64.0,10.0,88.0,241.0,915.0,,22255493.0,63372330.0,brookdi01
113.0,Jalen Johnson,22.0,ATL,SF,56.0,52.0,1889.0,359.0,702.0,0.511,71.0,200.0,0.355,288.0,502.0,0.574,0.562,107.0,147.0,0.728,74.0,414.0,488.0,203.0,67.0,47.0,101.0,133.0,896.0,,4510905.0,4510905.0,johnsja05
114.0,De'Andre Hunter,26.0,ATL,SF,57.0,37.0,1681.0,304.0,663.0,0.459,117.0,304.0,0.385,187.0,359.0,0.521,0.547,166.0,196.0,0.847,31.0,191.0,222.0,87.0,40.0,16.0,83.0,146.0,891.0,,21696429.0,69910714.0,huntede01
115.0,Malik Beasley,27.0,MIL,SG,79.0,77.0,2337.0,320.0,722.0,0.443,224.0,542.0,0.413,96.0,180.0,0.533,0.598,25.0,35.0,0.714,41.0,249.0,290.0,108.0,59.0,9.0,54.0,158.0,889.0,,6000000.0,6000000.0,beaslma01
116.0,Jaime Jaquez Jr.,22.0,MIA,SF,75.0,20.0,2113.0,341.0,697.0,0.489,65.0,202.0,0.322,276.0,495.0,0.558,0.536,142.0,175.0,0.811,82.0,203.0,285.0,195.0,77.0,20.0,110.0,167.0,889.0,ROY-46MOY-9,3685800.0,7547400.0,jaqueja01
117.0,Aaron Nesmith,24.0,IND,SF,72.0,47.0,1995.0,315.0,635.0,0.496,140.0,334.0,0.419,175.0,301.0,0.581,0.606,107.0,137.0,0.781,63.0,212.0,275.0,108.0,65.0,49.0,64.0,241.0,877.0,,11000000.0,33000000.0,nesmiaa01
118.0,Tyler Herro,24.0,MIA,SG,42.0,40.0,1407.0,324.0,735.0,0.441,132.0,333.0,0.396,192.0,402.0,0.478,0.531,95.0,111.0,0.856,19.0,203.0,222.0,188.0,30.0,3.0,93.0,63.0,875.0,,29000000.0,93000000.0,herroty01
119.0,Duncan Robinson,29.0,MIA,SF,68.0,36.0,1905.0,304.0,675.0,0.45,187.0,473.0,0.395,117.0,202.0,0.579,0.589,80.0,90.0,0.889,15.0,158.0,173.0,192.0,46.0,16.0,95.0,163.0,875.0,,19406000.0,29294000.0,robindu01
120.0,Mike Conley,36.0,MIN,PG,76.0,76.0,2193.0,294.0,644.0,0.457,179.0,405.0,0.442,115.0,239.0,0.481,0.595,102.0,112.0,0.911,37.0,181.0,218.0,449.0,88.0,17.0,102.0,128.0,869.0,,9975962.0,20750000.0,conlemi01
121.0,Scoot Henderson,19.0,POR,PG,62.0,32.0,1765.0,307.0,797.0,0.385,87.0,268.0,0.325,220.0,529.0,0.416,0.44,167.0,204.0,0.819,53.0,141.0,194.0,336.0,48.0,13.0,212.0,195.0,868.0,,10259160.0,10259160.0,hendesc01
122.0,Moritz Wagner,26.0,ORL,C,80.0,1.0,1415.0,332.0,552.0,0.601,38.0,115.0,0.33,294.0,437.0,0.673,0.636,166.0,204.0,0.814,117.0,230.0,347.0,96.0,39.0,21.0,97.0,160.0,868.0,,11000000.0,11000000.0,wagnemo01
123.0,Bojan Bogdanović,34.0,NYK,PF,57.0,27.0,1478.0,309.0,681.0,0.454,133.0,334.0,0.398,176.0,347.0,0.507,0.551,117.0,149.0,0.785,22.0,130.0,152.0,97.0,30.0,5.0,101.0,95.0,868.0,6MOY-9,19032850.0,,bogdabo02
124.0,Saddiq Bey,24.0,ATL,SF,63.0,51.0,2062.0,290.0,697.0,0.416,113.0,358.0,0.316,177.0,339.0,0.522,0.497,170.0,203.0,0.837,167.0,244.0,411.0,92.0,51.0,11.0,54.0,88.0,863.0,,6440678.0,19000000.0,beysa01
125.0,Jeremy Sochan,20.0,SAS,PF,74.0,73.0,2193.0,340.0,776.0,0.438,70.0,227.0,0.308,270.0,549.0,0.492,0.483,111.0,144.0,0.771,137.0,339.0,476.0,249.0,62.0,40.0,140.0,168.0,861.0,,5570040.0,5570040.0,sochaje01
126.0,Luguentz Dort,24.0,OKC,SF,79.0,79.0,2246.0,288.0,657.0,0.438,156.0,396.0,0.394,132.0,261.0,0.506,0.557,128.0,155.0,0.826,74.0,210.0,284.0,113.0,72.0,47.0,74.0,228.0,860.0,,16500000.0,34222222.0,dortlu01
127.0,Jrue Holiday,33.0,BOS,PG,69.0,69.0,2263.0,331.0,689.0,0.48,138.0,322.0,0.429,193.0,367.0,0.526,0.581,60.0,72.0,0.833,84.0,289.0,373.0,333.0,61.0,53.0,124.0,108.0,860.0,DPOY-6,30000000.0,97200000.0,holidjr01
128.0,Bennedict Mathurin,21.0,IND,SF,59.0,19.0,1538.0,296.0,663.0,0.446,80.0,214.0,0.374,216.0,449.0,0.481,0.507,184.0,224.0,0.821,60.0,174.0,234.0,119.0,35.0,14.0,97.0,117.0,856.0,,7245720.0,7245720.0,mathube01
129.0,Max Strus,27.0,CLE,SF,70.0,70.0,2239.0,304.0,728.0,0.418,168.0,479.0,0.351,136.0,249.0,0.546,0.533,77.0,97.0,0.794,66.0,272.0,338.0,283.0,64.0,29.0,112.0,170.0,853.0,,15212068.0,47809356.0,strusma01
130.0,Obi Toppin,25.0,IND,PF,82.0,28.0,1730.0,332.0,579.0,0.573,102.0,253.0,0.403,230.0,326.0,0.706,0.661,77.0,100.0,0.77,85.0,235.0,320.0,128.0,47.0,43.0,69.0,143.0,843.0,,12975000.0,58000000.0,toppiob01
131.0,Trey Murphy III,23.0,NOP,SF,57.0,23.0,1690.0,275.0,621.0,0.443,169.0,445.0,0.38,106.0,176.0,0.602,0.579,123.0,151.0,0.815,42.0,238.0,280.0,124.0,51.0,28.0,34.0,70.0,842.0,,5159854.0,5159854.0,murphtr02
132.0,Nic Claxton,24.0,BRK,C,71.0,71.0,2116.0,366.0,582.0,0.629,1.0,5.0,0.2,365.0,577.0,0.633,0.63,108.0,196.0,0.551,193.0,513.0,706.0,147.0,46.0,146.0,93.0,175.0,841.0,,27556817.0,97000000.0,claxtni01
133.0,Jalen Duren,20.0,DET,C,61.0,60.0,1777.0,349.0,564.0,0.619,0.0,4.0,0.0,349.0,560.0,0.623,0.619,143.0,181.0,0.79,192.0,517.0,709.0,147.0,33.0,47.0,129.0,192.0,841.0,,4536840.0,4536840.0,durenja01
134.0,Herbert Jones,25.0,NOP,SF,76.0,76.0,2321.0,293.0,588.0,0.498,114.0,273.0,0.418,179.0,315.0,0.568,0.595,137.0,158.0,0.867,74.0,198.0,272.0,199.0,105.0,62.0,93.0,224.0,837.0,DPOY-5,12976362.0,41812722.0,joneshe01
135.0,Clint Capela,29.0,ATL,C,73.0,73.0,1883.0,353.0,618.0,0.571,0.0,1.0,0.0,353.0,617.0,0.572,0.571,130.0,206.0,0.631,335.0,441.0,776.0,91.0,43.0,106.0,74.0,164.0,836.0,,22265280.0,22265280.0,capelca01
136.0,Reggie Jackson,33.0,DEN,PG,82.0,23.0,1817.0,326.0,756.0,0.431,102.0,284.0,0.359,224.0,472.0,0.475,0.499,79.0,98.0,0.806,33.0,122.0,155.0,308.0,44.0,13.0,106.0,149.0,833.0,,2087519.0,2087519.0,jacksre01
137.0,Jusuf Nurkić,29.0,PHO,C,76.0,76.0,2078.0,320.0,627.0,0.51,22.0,90.0,0.244,298.0,537.0,0.555,0.528,167.0,261.0,0.64,224.0,613.0,837.0,301.0,81.0,80.0,175.0,254.0,829.0,,18125000.0,37500000.0,nurkiju01
138.0,Khris Middleton,32.0,MIL,SF,55.0,55.0,1487.0,317.0,643.0,0.493,94.0,247.0,0.381,223.0,396.0,0.563,0.566,100.0,120.0,0.833,40.0,217.0,257.0,292.0,51.0,15.0,127.0,141.0,828.0,,31666667.0,31666667.0,middlkh01
139.0,Daniel Gafford,25.0,DAL,PF,74.0,66.0,1815.0,348.0,480.0,0.725,0.0,0.0,,348.0,480.0,0.725,0.725,118.0,175.0,0.674,195.0,367.0,562.0,115.0,65.0,153.0,74.0,227.0,814.0,,13394160.0,27780480.0,gaffoda01
141.0,Ivica Zubac,26.0,LAC,C,68.0,68.0,1794.0,337.0,519.0,0.649,0.0,0.0,,337.0,519.0,0.649,0.649,120.0,166.0,0.723,196.0,430.0,626.0,93.0,22.0,83.0,79.0,180.0,794.0,,11743210.0,11743210.0,zubaciv01
143.0,Payton Pritchard,26.0,BOS,PG,82.0,5.0,1825.0,297.0,635.0,0.468,147.0,382.0,0.385,150.0,253.0,0.593,0.583,46.0,56.0,0.821,70.0,195.0,265.0,281.0,39.0,6.0,61.0,106.0,787.0,,6696429.0,30000000.0,pritcpa01
144.0,Evan Mobley,22.0,CLE,PF,50.0,50.0,1532.0,320.0,552.0,0.58,22.0,59.0,0.373,298.0,493.0,0.604,0.6,123.0,171.0,0.719,111.0,357.0,468.0,160.0,45.0,72.0,90.0,134.0,785.0,,11227657.0,235465807.0,mobleev01
145.0,Grant Williams,25.0,CHO,PF,76.0,43.0,2130.0,276.0,605.0,0.456,126.0,336.0,0.375,150.0,269.0,0.558,0.56,106.0,140.0,0.757,86.0,232.0,318.0,174.0,44.0,39.0,109.0,226.0,784.0,,13025250.0,40936500.0,willigr01
146.0,Zach Collins,26.0,SAS,C,69.0,29.0,1526.0,298.0,616.0,0.484,58.0,181.0,0.32,240.0,435.0,0.552,0.531,122.0,162.0,0.753,118.0,252.0,370.0,194.0,34.0,52.0,132.0,206.0,776.0,,16741200.0,34821696.0,colliza01
147.0,Cameron Johnson,27.0,BRK,PF,58.0,47.0,1599.0,276.0,619.0,0.446,138.0,353.0,0.391,138.0,266.0,0.519,0.557,86.0,109.0,0.789,55.0,196.0,251.0,138.0,49.0,15.0,57.0,105.0,776.0,,22500000.0,65543478.0,johnsca02
148.0,Tre Jones,24.0,SAS,PG,77.0,48.0,2138.0,303.0,600.0,0.505,64.0,191.0,0.335,239.0,409.0,0.584,0.558,101.0,118.0,0.856,58.0,231.0,289.0,478.0,78.0,9.0,116.0,92.0,771.0,,9104167.0,9104167.0,jonestr01
149.0,Georges Niang,30.0,CLE,PF,82.0,10.0,1831.0,284.0,632.0,0.449,149.0,396.0,0.376,135.0,236.0,0.572,0.567,51.0,60.0,0.85,22.0,256.0,278.0,98.0,30.0,18.0,72.0,192.0,768.0,,8500000.0,16700000.0,niangge01
150.0,Kentavious Caldwell-Pope,30.0,DEN,SG,76.0,76.0,2402.0,270.0,587.0,0.46,125.0,308.0,0.406,145.0,279.0,0.52,0.566,101.0,113.0,0.894,31.0,152.0,183.0,183.0,98.0,42.0,75.0,151.0,766.0,,22757000.0,44378500.0,caldwke01
151.0,Kelly Olynyk,32.0,TOR,C,78.0,27.0,1759.0,276.0,497.0,0.555,60.0,155.0,0.387,216.0,342.0,0.632,0.616,150.0,180.0,0.833,108.0,303.0,411.0,347.0,74.0,30.0,152.0,230.0,762.0,,12804878.0,26250000.0,olynyke01
152.0,Josh Hart,28.0,NYK,SF,81.0,42.0,2707.0,295.0,679.0,0.434,80.0,258.0,0.31,215.0,421.0,0.511,0.493,91.0,115.0,0.791,128.0,547.0,675.0,331.0,75.0,23.0,118.0,171.0,761.0,,18144000.0,58540000.0,hartjo01
153.0,Jaden McDaniels,23.0,MIN,SF,72.0,71.0,2105.0,307.0,628.0,0.489,86.0,255.0,0.337,221.0,373.0,0.592,0.557,57.0,79.0,0.722,56.0,168.0,224.0,101.0,63.0,42.0,87.0,219.0,757.0,,23017242.0,133500000.0,mcdanja02
154.0,Russell Westbrook,35.0,LAC,PG,68.0,11.0,1529.0,301.0,663.0,0.454,42.0,154.0,0.273,259.0,509.0,0.509,0.486,110.0,160.0,0.688,93.0,250.0,343.0,306.0,74.0,23.0,144.0,121.0,754.0,6MOY-7,4027525.0,4027525.0,westbru01
155.0,Eric Gordon,35.0,PHO,SG,68.0,24.0,1893.0,274.0,618.0,0.443,150.0,397.0,0.378,124.0,221.0,0.561,0.565,51.0,64.0,0.797,16.0,106.0,122.0,139.0,66.0,30.0,73.0,79.0,749.0,,3303771.0,3303771.0,gordoer01
156.0,OG Anunoby,26.0,NYK,SF,50.0,50.0,1702.0,282.0,577.0,0.489,102.0,267.0,0.382,180.0,310.0,0.581,0.577,67.0,89.0,0.753,47.0,161.0,208.0,107.0,68.0,36.0,81.0,119.0,733.0,,36637932.0,164137932.0,anunoog01
157.0,T.J. McConnell,31.0,IND,PG,71.0,4.0,1291.0,330.0,593.0,0.556,18.0,44.0,0.409,312.0,549.0,0.568,0.572,49.0,62.0,0.79,36.0,155.0,191.0,390.0,72.0,8.0,108.0,79.0,727.0,6MOY-7,9300000.0,9300000.0,mccontj01
158.0,Bruce Brown,27.0,TOR,SG,67.0,44.0,1866.0,278.0,582.0,0.478,53.0,164.0,0.323,225.0,418.0,0.538,0.523,117.0,142.0,0.824,53.0,231.0,284.0,192.0,59.0,17.0,86.0,148.0,726.0,,23000000.0,23000000.0,brownbr01
159.0,Alex Caruso,29.0,CHI,SG,71.0,57.0,2040.0,253.0,541.0,0.468,136.0,333.0,0.408,117.0,208.0,0.563,0.593,73.0,96.0,0.76,62.0,211.0,273.0,247.0,120.0,70.0,102.0,181.0,715.0,DPOY-10,9890000.0,3000000.0,carusal01
160.0,Sam Hauser,26.0,BOS,SF,79.0,13.0,1741.0,249.0,558.0,0.446,197.0,465.0,0.424,52.0,93.0,0.559,0.623,17.0,19.0,0.895,45.0,231.0,276.0,82.0,40.0,25.0,32.0,99.0,712.0,,2092344.0,47092344.0,hausesa01
161.0,GG Jackson II,19.0,MEM,PF,48.0,18.0,1233.0,241.0,563.0,0.428,102.0,286.0,0.357,139.0,277.0,0.502,0.519,115.0,153.0,0.752,53.0,143.0,196.0,59.0,28.0,24.0,65.0,64.0,699.0,,1891857.0,4113534.0,jacksgg01
162.0,Taurean Prince,29.0,LAL,PF,78.0,49.0,2108.0,253.0,572.0,0.442,141.0,356.0,0.396,112.0,216.0,0.519,0.566,50.0,68.0,0.735,21.0,209.0,230.0,119.0,58.0,35.0,73.0,146.0,697.0,,2087519.0,2087519.0,princta02
163.0,Simone Fontecchio,28.0,DET,SF,66.0,43.0,1644.0,252.0,548.0,0.46,134.0,334.0,0.401,118.0,214.0,0.551,0.582,54.0,66.0,0.818,64.0,182.0,246.0,101.0,44.0,23.0,68.0,110.0,692.0,,7692308.0,16000000.0,fontesi01
164.0,Malaki Branham,20.0,SAS,PG,75.0,29.0,1594.0,271.0,628.0,0.432,93.0,268.0,0.347,178.0,360.0,0.494,0.506,55.0,63.0,0.873,28.0,120.0,148.0,156.0,27.0,8.0,91.0,94.0,690.0,,3217920.0,3217920.0,branhma01
165.0,Alec Burks,32.0,NYK,SG,66.0,1.0,1212.0,210.0,569.0,0.369,124.0,330.0,0.376,86.0,239.0,0.36,0.478,145.0,167.0,0.868,24.0,126.0,150.0,88.0,28.0,12.0,48.0,75.0,689.0,,2087519.0,2087519.0,burksal01
166.0,Brandin Podziemski,20.0,GSW,SG,74.0,28.0,1968.0,271.0,597.0,0.454,90.0,234.0,0.385,181.0,363.0,0.499,0.529,50.0,79.0,0.633,118.0,309.0,427.0,273.0,61.0,14.0,88.0,122.0,682.0,ROY-5,3519960.0,3519960.0,podzibr01
167.0,Andre Drummond,30.0,CHI,C,79.0,10.0,1351.0,267.0,480.0,0.556,0.0,3.0,0.0,267.0,477.0,0.56,0.556,129.0,218.0,0.592,265.0,443.0,708.0,37.0,73.0,48.0,81.0,140.0,663.0,,5000000.0,5000000.0,drumman01
168.0,Terance Mann,27.0,LAC,SG,75.0,71.0,1873.0,254.0,493.0,0.515,71.0,204.0,0.348,183.0,289.0,0.633,0.587,79.0,95.0,0.832,87.0,167.0,254.0,119.0,43.0,15.0,48.0,145.0,658.0,,11423077.0,11423077.0,mannte01
169.0,Derrick Jones Jr.,26.0,DAL,SF,76.0,66.0,1783.0,239.0,495.0,0.483,82.0,239.0,0.343,157.0,256.0,0.613,0.566,97.0,136.0,0.713,82.0,168.0,250.0,75.0,53.0,51.0,65.0,121.0,657.0,,9523810.0,30000000.0,jonesde02
170.0,Nickeil Alexander-Walker,25.0,MIN,SG,82.0,20.0,1921.0,236.0,538.0,0.439,131.0,335.0,0.391,105.0,203.0,0.517,0.56,52.0,65.0,0.8,35.0,132.0,167.0,204.0,64.0,42.0,76.0,143.0,655.0,,4312500.0,4312500.0,alexani01
171.0,Kevin Huerter,25.0,SAC,SG,64.0,59.0,1562.0,248.0,560.0,0.443,123.0,341.0,0.361,125.0,219.0,0.571,0.553,36.0,47.0,0.766,38.0,186.0,224.0,166.0,45.0,23.0,53.0,135.0,655.0,,16830357.0,34821428.0,huertke01
172.0,Santi Aldama,23.0,MEM,PF,61.0,35.0,1618.0,247.0,568.0,0.435,106.0,304.0,0.349,141.0,264.0,0.534,0.528,54.0,87.0,0.621,72.0,280.0,352.0,138.0,43.0,54.0,69.0,89.0,654.0,,3960531.0,3960531.0,aldamsa01
173.0,Nick Richards,26.0,CHO,C,67.0,51.0,1759.0,260.0,376.0,0.691,0.0,1.0,0.0,260.0,375.0,0.693,0.691,132.0,179.0,0.737,172.0,367.0,539.0,54.0,26.0,74.0,73.0,176.0,652.0,,5000000.0,5000000.0,richani01
175.0,Caleb Martin,28.0,MIA,SF,64.0,23.0,1756.0,241.0,559.0,0.431,81.0,232.0,0.349,160.0,327.0,0.489,0.504,77.0,99.0,0.778,74.0,207.0,281.0,143.0,47.0,29.0,77.0,126.0,640.0,,8149001.0,25669353.0,martica02
176.0,Jabari Walker,21.0,POR,SF,72.0,23.0,1700.0,234.0,509.0,0.46,41.0,139.0,0.295,193.0,370.0,0.522,0.5,129.0,171.0,0.754,151.0,357.0,508.0,71.0,42.0,22.0,66.0,173.0,638.0,,2019699.0,,walkeja01
177.0,Isaiah Joe,24.0,OKC,SG,78.0,1.0,1445.0,222.0,485.0,0.458,147.0,353.0,0.416,75.0,132.0,0.568,0.609,45.0,52.0,0.865,32.0,148.0,180.0,99.0,46.0,22.0,47.0,87.0,636.0,,12991650.0,36676994.0,joeis01
178.0,Andrew Nembhard,24.0,IND,PG,68.0,47.0,1697.0,260.0,522.0,0.498,61.0,171.0,0.357,199.0,351.0,0.567,0.557,45.0,56.0,0.804,36.0,105.0,141.0,280.0,63.0,6.0,101.0,143.0,626.0,,2019699.0,60670179.0,nembhan01
179.0,Duop Reath,27.0,POR,C,68.0,20.0,1214.0,230.0,499.0,0.461,88.0,245.0,0.359,142.0,254.0,0.559,0.549,69.0,93.0,0.742,93.0,157.0,250.0,67.0,33.0,38.0,52.0,161.0,617.0,,2048780.0,2048780.0,reathdu01
180.0,Malcolm Brogdon,31.0,POR,PG,39.0,25.0,1121.0,218.0,496.0,0.44,82.0,199.0,0.412,136.0,297.0,0.458,0.522,95.0,116.0,0.819,28.0,120.0,148.0,214.0,27.0,8.0,60.0,58.0,613.0,,22500000.0,22500000.0,brogdma01
181.0,Royce O'Neale,30.0,PHO,SF,79.0,14.0,1954.0,214.0,539.0,0.397,156.0,422.0,0.37,58.0,117.0,0.496,0.542,24.0,35.0,0.686,60.0,317.0,377.0,219.0,59.0,44.0,73.0,174.0,608.0,,9375000.0,42000000.0,onealro01
182.0,Wendell Carter Jr.,24.0,ORL,C,55.0,48.0,1406.0,223.0,425.0,0.525,64.0,171.0,0.374,159.0,254.0,0.626,0.6,93.0,134.0,0.694,112.0,269.0,381.0,95.0,35.0,28.0,68.0,121.0,603.0,,11950000.0,22800000.0,cartewe01
183.0,Jalen Smith,23.0,IND,C,61.0,14.0,1047.0,234.0,395.0,0.592,61.0,144.0,0.424,173.0,251.0,0.689,0.67,72.0,104.0,0.692,112.0,225.0,337.0,63.0,17.0,38.0,44.0,124.0,601.0,,8571429.0,27000000.0,smithja04
184.0,Christian Braun,22.0,DEN,SG,82.0,4.0,1655.0,222.0,483.0,0.46,63.0,164.0,0.384,159.0,319.0,0.498,0.525,93.0,134.0,0.694,79.0,227.0,306.0,132.0,42.0,35.0,55.0,137.0,600.0,,3089640.0,3089640.0,braunch01
185.0,Paul Reed,24.0,PHI,C,82.0,24.0,1590.0,259.0,480.0,0.54,21.0,57.0,0.368,238.0,423.0,0.563,0.561,61.0,85.0,0.718,193.0,295.0,488.0,109.0,67.0,84.0,67.0,198.0,600.0,,7723000.0,7723000.0,reedpa01
186.0,Amen Thompson,21.0,HOU,SF,62.0,23.0,1388.0,239.0,446.0,0.536,8.0,58.0,0.138,231.0,388.0,0.595,0.545,106.0,155.0,0.684,148.0,261.0,409.0,163.0,78.0,38.0,90.0,141.0,592.0,,9249960.0,9249960.0,thompam01
187.0,Marcus Sasser,23.0,DET,PG,71.0,11.0,1351.0,219.0,512.0,0.428,90.0,240.0,0.375,129.0,272.0,0.474,0.516,58.0,66.0,0.879,11.0,114.0,125.0,236.0,44.0,12.0,90.0,103.0,586.0,,2755080.0,2755080.0,sassema01
188.0,Marvin Bagley III,24.0,WAS,C,50.0,25.0,1053.0,239.0,408.0,0.586,9.0,23.0,0.391,230.0,385.0,0.597,0.597,96.0,126.0,0.762,130.0,182.0,312.0,55.0,20.0,33.0,59.0,81.0,583.0,,12500000.0,12500000.0,baglema01
189.0,Isaiah Hartenstein,25.0,NYK,C,75.0,49.0,1896.0,235.0,365.0,0.644,1.0,3.0,0.333,234.0,362.0,0.646,0.645,111.0,157.0,0.707,244.0,382.0,626.0,188.0,87.0,85.0,93.0,210.0,582.0,,30000000.0,58500000.0,harteis01
190.0,Dorian Finney-Smith,30.0,BRK,PF,68.0,56.0,1934.0,215.0,511.0,0.421,117.0,336.0,0.348,98.0,175.0,0.56,0.535,33.0,46.0,0.717,109.0,208.0,317.0,107.0,56.0,38.0,59.0,150.0,580.0,,14924167.0,14924167.0,finnedo01
191.0,Cam Whitmore,19.0,HOU,SF,47.0,2.0,880.0,212.0,467.0,0.454,79.0,220.0,0.359,133.0,247.0,0.538,0.539,76.0,112.0,0.679,44.0,136.0,180.0,33.0,30.0,17.0,46.0,64.0,579.0,,3379080.0,3379080.0,whitmca01
192.0,Cameron Payne,29.0,PHI,PG,78.0,10.0,1304.0,208.0,481.0,0.432,104.0,267.0,0.39,104.0,214.0,0.486,0.541,58.0,67.0,0.866,21.0,96.0,117.0,205.0,42.0,11.0,66.0,126.0,578.0,,2087519.0,2087519.0,payneca01
195.0,Al Horford,37.0,BOS,C,65.0,33.0,1740.0,214.0,419.0,0.511,108.0,258.0,0.419,106.0,161.0,0.658,0.64,26.0,30.0,0.867,82.0,331.0,413.0,168.0,38.0,62.0,48.0,93.0,562.0,,9500000.0,9500000.0,horfoal01
196.0,Miles McBride,23.0,NYK,PG,68.0,14.0,1328.0,205.0,454.0,0.452,109.0,266.0,0.41,96.0,188.0,0.511,0.572,43.0,50.0,0.86,31.0,69.0,100.0,114.0,50.0,7.0,30.0,108.0,562.0,,4710144.0,13000000.0,mcbrimi01
197.0,Onyeka Okongwu,23.0,ATL,C,55.0,8.0,1405.0,223.0,365.0,0.611,23.0,69.0,0.333,200.0,296.0,0.676,0.642,92.0,116.0,0.793,145.0,231.0,376.0,74.0,26.0,60.0,45.0,162.0,561.0,,14000000.0,62000000.0,okongon01
198.0,Cason Wallace,20.0,OKC,SG,82.0,13.0,1692.0,217.0,442.0,0.491,98.0,234.0,0.419,119.0,208.0,0.572,0.602,29.0,37.0,0.784,52.0,135.0,187.0,120.0,76.0,37.0,45.0,129.0,561.0,,5555880.0,5555880.0,wallaca01
199.0,Dalano Banton,24.0,POR,PG,54.0,9.0,1047.0,202.0,500.0,0.404,59.0,199.0,0.296,143.0,301.0,0.475,0.463,94.0,120.0,0.783,41.0,137.0,178.0,127.0,33.0,20.0,77.0,64.0,557.0,,2196970.0,2019706.0,bantoda01
200.0,Ausar Thompson,21.0,DET,SF,63.0,38.0,1583.0,232.0,480.0,0.483,21.0,113.0,0.186,211.0,367.0,0.575,0.505,71.0,119.0,0.597,129.0,273.0,402.0,120.0,68.0,59.0,84.0,175.0,556.0,,8376000.0,8376000.0,thompau01
201.0,Jakob Poeltl,28.0,TOR,C,50.0,50.0,1319.0,248.0,378.0,0.656,0.0,0.0,,248.0,378.0,0.656,0.656,59.0,107.0,0.551,146.0,283.0,429.0,127.0,35.0,76.0,77.0,149.0,555.0,,19500000.0,39000000.0,poeltja01
202.0,Aaron Wiggins,25.0,OKC,SG,78.0,4.0,1228.0,212.0,377.0,0.562,62.0,126.0,0.492,150.0,251.0,0.598,0.645,56.0,71.0,0.789,60.0,126.0,186.0,86.0,56.0,19.0,56.0,91.0,542.0,,10514017.0,45000000.0,wiggiaa01
203.0,Trayce Jackson-Davis,23.0,GSW,PF,68.0,16.0,1130.0,233.0,332.0,0.702,0.0,1.0,0.0,233.0,331.0,0.704,0.702,74.0,132.0,0.561,135.0,206.0,341.0,82.0,29.0,76.0,49.0,108.0,540.0,,1891857.0,1891857.0,jackstr02
204.0,Moses Moody,21.0,GSW,SG,66.0,9.0,1156.0,194.0,420.0,0.462,72.0,200.0,0.36,122.0,220.0,0.555,0.548,73.0,93.0,0.785,65.0,131.0,196.0,57.0,42.0,24.0,44.0,90.0,533.0,,5803269.0,5803269.0,moodymo01
205.0,Chris Paul,38.0,GSW,PG,58.0,18.0,1531.0,206.0,467.0,0.441,78.0,210.0,0.371,128.0,257.0,0.498,0.525,43.0,52.0,0.827,18.0,207.0,225.0,393.0,70.0,6.0,76.0,108.0,533.0,,10460000.0,10460000.0,paulch01
206.0,Bilal Coulibaly,19.0,WAS,SF,63.0,15.0,1715.0,188.0,432.0,0.435,64.0,185.0,0.346,124.0,247.0,0.502,0.509,92.0,131.0,0.702,56.0,200.0,256.0,110.0,57.0,48.0,87.0,137.0,532.0,,6945240.0,6945240.0,coulibi01
207.0,Peyton Watson,21.0,DEN,SF,80.0,4.0,1488.0,208.0,447.0,0.465,45.0,152.0,0.296,163.0,295.0,0.553,0.516,71.0,106.0,0.67,56.0,202.0,258.0,86.0,42.0,88.0,58.0,143.0,532.0,,2413560.0,2413560.0,watsope01
208.0,Jaden Hardy,21.0,DAL,SG,73.0,7.0,989.0,195.0,479.0,0.407,81.0,224.0,0.362,114.0,255.0,0.447,0.492,59.0,76.0,0.776,20.0,111.0,131.0,109.0,22.0,4.0,62.0,80.0,530.0,,2019699.0,400000.0,hardyja02
209.0,Toumani Camara,23.0,POR,PF,70.0,49.0,1739.0,197.0,438.0,0.45,58.0,172.0,0.337,139.0,266.0,0.523,0.516,75.0,99.0,0.758,139.0,204.0,343.0,87.0,66.0,33.0,84.0,174.0,527.0,,1891857.0,,camarto01
210.0,LaMelo Ball,22.0,CHO,PG,22.0,22.0,711.0,183.0,423.0,0.433,70.0,197.0,0.355,113.0,226.0,0.5,0.515,90.0,104.0,0.865,29.0,84.0,113.0,176.0,40.0,4.0,83.0,79.0,526.0,,35147000.0,203852600.0,ballla01
211.0,Jordan Hawkins,21.0,NOP,SG,67.0,10.0,1160.0,174.0,456.0,0.382,109.0,298.0,0.366,65.0,158.0,0.411,0.501,67.0,80.0,0.838,29.0,119.0,148.0,70.0,19.0,7.0,40.0,72.0,524.0,,4525680.0,4525680.0,hawkijo01
212.0,Vince Williams Jr.,23.0,MEM,SG,52.0,33.0,1436.0,169.0,379.0,0.446,79.0,209.0,0.378,90.0,170.0,0.529,0.55,104.0,130.0,0.8,59.0,231.0,290.0,175.0,47.0,34.0,92.0,135.0,521.0,,2120693.0,4422280.0,willivi01
213.0,Walker Kessler,22.0,UTA,C,64.0,22.0,1493.0,229.0,350.0,0.654,4.0,19.0,0.211,225.0,331.0,0.68,0.66,56.0,93.0,0.602,165.0,316.0,481.0,60.0,30.0,154.0,66.0,132.0,518.0,,2965920.0,2965920.0,kesslwa01
215.0,Dario Šarić,29.0,GSW,C,64.0,9.0,1098.0,181.0,388.0,0.466,74.0,197.0,0.376,107.0,191.0,0.56,0.562,79.0,93.0,0.849,73.0,210.0,283.0,144.0,31.0,10.0,78.0,112.0,515.0,,5168000.0,5168000.0,saricda01
216.0,Aaron Holiday,27.0,HOU,PG,78.0,1.0,1269.0,186.0,417.0,0.446,84.0,217.0,0.387,102.0,200.0,0.51,0.547,58.0,63.0,0.921,23.0,100.0,123.0,140.0,42.0,6.0,53.0,125.0,514.0,,4668000.0,4668000.0,holidaa01
217.0,Gradey Dick,20.0,TOR,SG,60.0,17.0,1268.0,189.0,445.0,0.425,88.0,241.0,0.365,101.0,204.0,0.495,0.524,44.0,51.0,0.863,27.0,105.0,132.0,68.0,34.0,2.0,50.0,87.0,510.0,,4763760.0,4763760.0,dickgr01
218.0,Shaedon Sharpe,20.0,POR,SG,32.0,25.0,1059.0,176.0,434.0,0.406,60.0,180.0,0.333,116.0,254.0,0.457,0.475,98.0,119.0,0.824,42.0,118.0,160.0,94.0,28.0,12.0,72.0,88.0,510.0,,6614160.0,6614160.0,sharpsh01
219.0,Jeff Green,37.0,HOU,PF,78.0,6.0,1307.0,167.0,366.0,0.456,53.0,160.0,0.331,114.0,206.0,0.553,0.529,122.0,149.0,0.819,46.0,132.0,178.0,70.0,16.0,31.0,46.0,100.0,509.0,,9600000.0,9600000.0,greenje02
220.0,Kyle Anderson,30.0,MIN,PF,79.0,10.0,1782.0,199.0,433.0,0.46,11.0,48.0,0.229,188.0,385.0,0.488,0.472,97.0,137.0,0.708,60.0,213.0,273.0,331.0,71.0,47.0,91.0,128.0,506.0,,8780488.0,18000000.0,anderky01
221.0,Julian Champagnie,22.0,SAS,SF,74.0,59.0,1468.0,164.0,402.0,0.408,101.0,277.0,0.365,63.0,125.0,0.504,0.534,75.0,92.0,0.815,42.0,164.0,206.0,103.0,48.0,42.0,57.0,77.0,504.0,,3000000.0,,champju02
222.0,Isaiah Stewart,22.0,DET,PF,46.0,45.0,1423.0,186.0,382.0,0.487,67.0,175.0,0.383,119.0,207.0,0.575,0.575,64.0,85.0,0.753,74.0,231.0,305.0,73.0,17.0,38.0,66.0,99.0,503.0,,15000000.0,45000000.0,stewais01
225.0,Zach LaVine,28.0,CHI,SG,25.0,23.0,872.0,170.0,376.0,0.452,59.0,169.0,0.349,111.0,207.0,0.536,0.531,88.0,103.0,0.854,8.0,121.0,129.0,98.0,21.0,8.0,52.0,57.0,487.0,,43031940.0,89031600.0,lavinza01
226.0,Kyle Lowry,37.0,PHI,PG,60.0,55.0,1690.0,163.0,377.0,0.432,98.0,250.0,0.392,65.0,127.0,0.512,0.562,63.0,75.0,0.84,34.0,160.0,194.0,253.0,59.0,21.0,85.0,146.0,487.0,,2087519.0,2087519.0,lowryky01
227.0,Kevin Love,35.0,MIA,PF,55.0,5.0,924.0,158.0,359.0,0.44,84.0,244.0,0.344,74.0,115.0,0.643,0.557,85.0,108.0,0.787,59.0,279.0,338.0,115.0,18.0,10.0,48.0,97.0,485.0,,3850000.0,8000000.0,loveke01
228.0,Sam Merrill,27.0,CLE,SG,61.0,1.0,1069.0,158.0,393.0,0.402,143.0,354.0,0.404,15.0,39.0,0.385,0.584,26.0,28.0,0.929,22.0,98.0,120.0,108.0,19.0,4.0,19.0,72.0,485.0,,2164993.0,2164993.0,merrisa01
229.0,Dereck Lively II,19.0,DAL,C,55.0,42.0,1294.0,221.0,296.0,0.747,0.0,2.0,0.0,221.0,294.0,0.752,0.747,41.0,81.0,0.506,135.0,243.0,378.0,60.0,36.0,77.0,50.0,144.0,483.0,ROY-6,5014560.0,5014560.0,livelde01
230.0,Draymond Green,33.0,GSW,PF,55.0,52.0,1490.0,185.0,372.0,0.497,51.0,129.0,0.395,134.0,243.0,0.551,0.566,54.0,74.0,0.73,76.0,322.0,398.0,332.0,55.0,47.0,135.0,166.0,475.0,,24107143.0,77678571.0,greendr01
231.0,Josh Green,23.0,DAL,SG,57.0,33.0,1505.0,179.0,374.0,0.479,72.0,187.0,0.385,107.0,187.0,0.572,0.575,39.0,57.0,0.684,40.0,144.0,184.0,130.0,47.0,9.0,60.0,107.0,469.0,,12654321.0,41000000.0,greenjo02
232.0,Naji Marshall,26.0,NOP,SF,66.0,1.0,1257.0,170.0,367.0,0.463,58.0,150.0,0.387,112.0,217.0,0.516,0.542,68.0,86.0,0.791,53.0,187.0,240.0,128.0,49.0,12.0,65.0,91.0,466.0,,8571429.0,27000000.0,marshna01
233.0,Amir Coffey,26.0,LAC,SF,70.0,13.0,1460.0,166.0,352.0,0.472,70.0,184.0,0.38,96.0,168.0,0.571,0.571,61.0,71.0,0.859,29.0,119.0,148.0,76.0,41.0,14.0,33.0,102.0,463.0,,3938271.0,3938271.0,coffeam01
234.0,Ochai Agbaji,23.0,TOR,SG,78.0,28.0,1641.0,178.0,433.0,0.411,62.0,211.0,0.294,116.0,222.0,0.523,0.483,37.0,56.0,0.661,74.0,142.0,216.0,83.0,47.0,44.0,64.0,117.0,455.0,,4310280.0,4310280.0,agbajoc01
236.0,James Wiseman,22.0,DET,C,63.0,6.0,1091.0,187.0,305.0,0.613,0.0,2.0,0.0,187.0,303.0,0.617,0.613,72.0,102.0,0.706,110.0,226.0,336.0,54.0,12.0,39.0,66.0,141.0,446.0,,2237691.0,2237691.0,wisemja01
237.0,Trendon Watford,23.0,BRK,PF,63.0,2.0,856.0,164.0,311.0,0.527,27.0,68.0,0.397,137.0,243.0,0.564,0.571,77.0,97.0,0.794,52.0,142.0,194.0,81.0,23.0,19.0,63.0,106.0,432.0,,2726603.0,2726603.0,watfotr01
238.0,Luke Kennard,27.0,MEM,SG,39.0,22.0,999.0,141.0,315.0,0.448,107.0,238.0,0.45,34.0,77.0,0.442,0.617,40.0,45.0,0.889,11.0,102.0,113.0,136.0,20.0,2.0,54.0,39.0,429.0,,14763636.0,,kennalu01
239.0,Patrick Williams,22.0,CHI,PF,43.0,30.0,1174.0,159.0,359.0,0.443,59.0,148.0,0.399,100.0,211.0,0.474,0.525,52.0,66.0,0.788,46.0,120.0,166.0,66.0,40.0,33.0,57.0,87.0,429.0,,18000000.0,72000000.0,willipa01
240.0,Pat Connaughton,31.0,MIL,SF,76.0,3.0,1676.0,151.0,347.0,0.435,82.0,238.0,0.345,69.0,109.0,0.633,0.553,44.0,58.0,0.759,51.0,188.0,239.0,161.0,40.0,19.0,49.0,99.0,428.0,,9423869.0,9423869.0,connapa01
241.0,Dante Exum,28.0,DAL,PG,55.0,17.0,1088.0,161.0,302.0,0.533,53.0,108.0,0.491,108.0,194.0,0.557,0.621,53.0,68.0,0.779,25.0,124.0,149.0,157.0,22.0,5.0,49.0,85.0,428.0,,3150000.0,,exumda01
242.0,Josh Richardson,30.0,MIA,SG,43.0,6.0,1103.0,154.0,347.0,0.444,66.0,190.0,0.347,88.0,157.0,0.561,0.539,51.0,54.0,0.944,18.0,103.0,121.0,105.0,24.0,14.0,36.0,76.0,425.0,,3051153.0,3051153.0,richajo01
243.0,David Roddy,22.0,PHO,PF,65.0,13.0,1177.0,165.0,409.0,0.403,48.0,164.0,0.293,117.0,245.0,0.478,0.462,47.0,68.0,0.691,53.0,158.0,211.0,80.0,27.0,11.0,57.0,72.0,425.0,,2847240.0,2847240.0,roddyda01
244.0,Vasilije Micić,30.0,CHO,PG,60.0,21.0,1176.0,159.0,370.0,0.43,43.0,154.0,0.279,116.0,216.0,0.537,0.488,61.0,75.0,0.813,14.0,74.0,88.0,262.0,31.0,7.0,99.0,68.0,422.0,,7723000.0,7723000.0,micicva01
245.0,De'Anthony Melton,25.0,PHI,SG,38.0,33.0,1023.0,139.0,360.0,0.386,77.0,214.0,0.36,62.0,146.0,0.425,0.493,66.0,79.0,0.835,28.0,113.0,141.0,114.0,60.0,16.0,39.0,84.0,421.0,,12822000.0,12822000.0,meltode01
246.0,Ziaire Williams,22.0,MEM,SF,51.0,15.0,1038.0,150.0,378.0,0.397,58.0,189.0,0.307,92.0,189.0,0.487,0.474,62.0,75.0,0.827,35.0,145.0,180.0,75.0,36.0,9.0,66.0,85.0,420.0,,6133005.0,6133005.0,willizi02
247.0,Trey Lyles,28.0,SAC,PF,58.0,0.0,1158.0,143.0,321.0,0.445,84.0,219.0,0.384,59.0,102.0,0.578,0.576,49.0,70.0,0.7,61.0,196.0,257.0,72.0,17.0,19.0,38.0,86.0,419.0,,8000000.0,8000000.0,lylestr01
248.0,Day'Ron Sharpe,22.0,BRK,C,61.0,1.0,921.0,168.0,294.0,0.571,4.0,15.0,0.267,164.0,279.0,0.588,0.578,75.0,123.0,0.61,161.0,228.0,389.0,85.0,24.0,44.0,70.0,131.0,415.0,,3989122.0,,sharpda01
249.0,Haywood Highsmith,27.0,MIA,PF,66.0,26.0,1366.0,153.0,329.0,0.465,76.0,192.0,0.396,77.0,137.0,0.562,0.581,23.0,36.0,0.639,65.0,145.0,210.0,70.0,53.0,30.0,34.0,117.0,405.0,,5200000.0,10816000.0,highsha01
250.0,Jose Alvarado,25.0,NOP,PG,56.0,0.0,1028.0,142.0,345.0,0.412,78.0,207.0,0.377,64.0,138.0,0.464,0.525,35.0,52.0,0.673,25.0,103.0,128.0,117.0,59.0,15.0,40.0,89.0,397.0,6MOY-6,1988598.0,1988598.0,alvarjo01
251.0,Jonathan Isaac,26.0,ORL,PF,58.0,2.0,914.0,146.0,286.0,0.51,42.0,112.0,0.375,104.0,174.0,0.598,0.584,59.0,82.0,0.72,73.0,187.0,260.0,30.0,43.0,70.0,27.0,64.0,393.0,6MOY-9,25000000.0,69000000.0,isaacjo01
252.0,Isaiah Jackson,22.0,IND,C,59.0,3.0,771.0,155.0,233.0,0.665,0.0,4.0,0.0,155.0,229.0,0.677,0.665,73.0,102.0,0.716,94.0,144.0,238.0,50.0,34.0,61.0,39.0,137.0,383.0,,4435381.0,4435381.0,jacksis01
253.0,Tre Mann,22.0,CHO,PG,41.0,28.0,987.0,145.0,316.0,0.459,47.0,126.0,0.373,98.0,190.0,0.516,0.533,45.0,59.0,0.763,20.0,129.0,149.0,165.0,51.0,3.0,65.0,48.0,382.0,,4908373.0,4908373.0,manntr01
256.0,Jake LaRavia,22.0,MEM,PF,35.0,6.0,806.0,118.0,303.0,0.389,53.0,156.0,0.34,65.0,147.0,0.442,0.477,90.0,109.0,0.826,51.0,77.0,128.0,58.0,29.0,12.0,45.0,69.0,379.0,,3352680.0,3352680.0,laravja01
257.0,Davion Mitchell,25.0,SAC,PG,72.0,4.0,1101.0,146.0,323.0,0.452,57.0,158.0,0.361,89.0,165.0,0.539,0.54,30.0,42.0,0.714,19.0,76.0,95.0,134.0,17.0,3.0,43.0,85.0,379.0,,6451077.0,6451077.0,mitchda01
258.0,Kris Murray,23.0,POR,SF,62.0,29.0,1348.0,145.0,366.0,0.396,49.0,183.0,0.268,96.0,183.0,0.525,0.463,37.0,56.0,0.661,85.0,139.0,224.0,80.0,53.0,21.0,55.0,92.0,376.0,,2990040.0,2990040.0,murrakr01
259.0,Daniel Theis,31.0,LAC,C,60.0,3.0,1015.0,156.0,293.0,0.532,26.0,71.0,0.366,130.0,222.0,0.586,0.577,38.0,50.0,0.76,85.0,159.0,244.0,61.0,21.0,51.0,42.0,127.0,376.0,,2087519.0,2087519.0,theisda01
260.0,Gary Harris,29.0,ORL,SG,54.0,27.0,1297.0,131.0,297.0,0.441,76.0,205.0,0.371,55.0,92.0,0.598,0.569,34.0,45.0,0.756,24.0,67.0,91.0,87.0,49.0,14.0,31.0,91.0,372.0,,7500000.0,7500000.0,harriga01
262.0,Jordan Goodwin,25.0,MEM,PG,57.0,12.0,1055.0,141.0,382.0,0.369,42.0,141.0,0.298,99.0,241.0,0.411,0.424,44.0,59.0,0.746,88.0,165.0,253.0,155.0,48.0,18.0,56.0,76.0,368.0,,325590.0,325590.0,goodwjo01
264.0,Quentin Grimes,23.0,DET,SG,51.0,18.0,1025.0,122.0,328.0,0.372,81.0,240.0,0.338,41.0,88.0,0.466,0.495,34.0,45.0,0.756,15.0,85.0,100.0,66.0,35.0,7.0,28.0,75.0,359.0,,4296682.0,4296682.0,grimequ01
265.0,Jevon Carter,28.0,CHI,PG,72.0,0.0,1004.0,138.0,365.0,0.378,77.0,234.0,0.329,61.0,131.0,0.466,0.484,4.0,7.0,0.571,11.0,49.0,60.0,94.0,37.0,16.0,36.0,71.0,357.0,,6500000.0,6500000.0,carteje01
267.0,Dyson Daniels,20.0,NOP,PG,61.0,16.0,1358.0,139.0,311.0,0.447,42.0,135.0,0.311,97.0,176.0,0.551,0.514,34.0,53.0,0.642,62.0,174.0,236.0,164.0,85.0,25.0,59.0,101.0,354.0,,6059520.0,6059520.0,daniedy01
268.0,Matisse Thybulle,26.0,POR,SF,65.0,19.0,1487.0,126.0,317.0,0.397,80.0,231.0,0.346,46.0,86.0,0.535,0.524,22.0,29.0,0.759,30.0,106.0,136.0,90.0,113.0,49.0,40.0,93.0,354.0,,11025000.0,11025000.0,thybuma01
269.0,Nikola Jović,20.0,MIA,PF,46.0,38.0,896.0,127.0,281.0,0.452,65.0,163.0,0.399,62.0,118.0,0.525,0.568,33.0,47.0,0.702,25.0,167.0,192.0,90.0,25.0,14.0,42.0,82.0,352.0,,2464200.0,6909617.0,jovicni01
271.0,Larry Nance Jr.,31.0,NOP,C,61.0,0.0,1216.0,138.0,241.0,0.573,27.0,65.0,0.415,111.0,176.0,0.631,0.629,47.0,61.0,0.77,94.0,213.0,307.0,113.0,61.0,19.0,49.0,98.0,350.0,,11205000.0,11205000.0,nancela02
272.0,Christian Wood,28.0,LAL,PF,50.0,1.0,872.0,123.0,264.0,0.466,35.0,114.0,0.307,88.0,150.0,0.587,0.532,66.0,94.0,0.702,39.0,215.0,254.0,49.0,16.0,33.0,50.0,72.0,347.0,,3036040.0,3036040.0,woodch01
274.0,Luke Kornet,28.0,BOS,C,63.0,7.0,983.0,142.0,203.0,0.7,1.0,1.0,1.0,141.0,202.0,0.698,0.702,49.0,54.0,0.907,118.0,143.0,261.0,67.0,23.0,61.0,21.0,77.0,334.0,,2087519.0,2087519.0,kornelu01
275.0,Kevon Looney,27.0,GSW,C,74.0,36.0,1195.0,139.0,233.0,0.597,0.0,1.0,0.0,139.0,232.0,0.599,0.597,56.0,83.0,0.675,143.0,276.0,419.0,133.0,28.0,29.0,50.0,155.0,334.0,,8000000.0,8000000.0,looneke01
278.0,Garrison Mathews,27.0,ATL,SG,66.0,5.0,992.0,103.0,226.0,0.456,85.0,193.0,0.44,18.0,33.0,0.545,0.644,34.0,42.0,0.81,17.0,75.0,92.0,37.0,20.0,8.0,19.0,115.0,325.0,,2230253.0,2230253.0,mathega01
279.0,Kenrich Williams,29.0,OKC,PF,69.0,1.0,1029.0,131.0,280.0,0.468,56.0,141.0,0.397,75.0,139.0,0.54,0.568,7.0,14.0,0.5,61.0,148.0,209.0,93.0,38.0,9.0,32.0,101.0,325.0,,6669000.0,13832000.0,willike04
280.0,Chris Boucher,31.0,TOR,PF,50.0,0.0,705.0,110.0,217.0,0.507,31.0,94.0,0.33,79.0,123.0,0.642,0.578,71.0,92.0,0.772,62.0,145.0,207.0,23.0,14.0,24.0,28.0,68.0,322.0,,10810000.0,10810000.0,bouchch01
281.0,Nicolas Batum,35.0,PHI,PF,60.0,38.0,1529.0,116.0,256.0,0.453,73.0,185.0,0.395,43.0,71.0,0.606,0.596,15.0,21.0,0.714,70.0,178.0,248.0,128.0,48.0,38.0,40.0,109.0,320.0,,4668000.0,4668000.0,batumni01
282.0,Anthony Black,20.0,ORL,PG,69.0,33.0,1164.0,115.0,247.0,0.466,37.0,94.0,0.394,78.0,153.0,0.51,0.54,49.0,80.0,0.613,33.0,106.0,139.0,91.0,35.0,21.0,56.0,110.0,316.0,,7607760.0,7607760.0,blackan01
285.0,Goga Bitadze,24.0,ORL,C,62.0,33.0,957.0,126.0,209.0,0.603,2.0,14.0,0.143,124.0,195.0,0.636,0.608,57.0,87.0,0.655,109.0,177.0,286.0,79.0,32.0,72.0,44.0,107.0,311.0,,9057971.0,25000000.0,bitadgo01
286.0,Keon Ellis,24.0,SAC,SG,57.0,21.0,978.0,107.0,232.0,0.461,70.0,168.0,0.417,37.0,64.0,0.578,0.612,26.0,35.0,0.743,32.0,92.0,124.0,85.0,51.0,29.0,37.0,112.0,310.0,,2120693.0,,elliske01
287.0,Torrey Craig,33.0,CHI,SF,53.0,14.0,1049.0,108.0,251.0,0.43,60.0,153.0,0.392,48.0,98.0,0.49,0.55,27.0,36.0,0.75,69.0,148.0,217.0,58.0,30.0,21.0,32.0,110.0,303.0,,2845342.0,2845342.0,craigto01
288.0,Jaxson Hayes,23.0,LAL,C,70.0,5.0,877.0,126.0,175.0,0.72,0.0,8.0,0.0,126.0,167.0,0.754,0.72,51.0,82.0,0.622,69.0,142.0,211.0,33.0,34.0,29.0,43.0,123.0,303.0,,2463946.0,2463946.0,hayesja02
290.0,Nick Smith Jr.,19.0,CHO,SG,51.0,0.0,729.0,113.0,289.0,0.391,63.0,146.0,0.432,50.0,143.0,0.35,0.5,13.0,15.0,0.867,18.0,54.0,72.0,59.0,10.0,7.0,39.0,55.0,302.0,,2587200.0,2587200.0,smithni01
291.0,Joe Ingles,36.0,ORL,SF,68.0,0.0,1169.0,99.0,227.0,0.436,70.0,161.0,0.435,29.0,66.0,0.439,0.59,28.0,34.0,0.824,18.0,124.0,142.0,203.0,43.0,5.0,67.0,88.0,296.0,,2087519.0,2087519.0,inglejo01
293.0,Dean Wade,27.0,CLE,PF,54.0,32.0,1108.0,96.0,232.0,0.414,79.0,202.0,0.391,17.0,30.0,0.567,0.584,20.0,26.0,0.769,37.0,181.0,218.0,43.0,40.0,25.0,20.0,93.0,291.0,,6166667.0,6166667.0,wadede01
294.0,Dāvis Bertāns,31.0,CHO,PF,43.0,1.0,674.0,92.0,234.0,0.393,76.0,200.0,0.38,16.0,34.0,0.471,0.556,30.0,33.0,0.909,9.0,52.0,61.0,35.0,26.0,12.0,18.0,56.0,290.0,,5250000.0,5250000.0,bertada01
296.0,Marcus Smart,29.0,MEM,PG,20.0,20.0,605.0,102.0,237.0,0.43,42.0,134.0,0.313,60.0,103.0,0.583,0.519,43.0,56.0,0.768,6.0,47.0,53.0,86.0,41.0,5.0,62.0,53.0,289.0,,20210284.0,41797139.0,smartma01
297.0,Craig Porter Jr.,23.0,CLE,PG,51.0,6.0,649.0,116.0,228.0,0.509,12.0,34.0,0.353,104.0,194.0,0.536,0.535,41.0,56.0,0.732,21.0,88.0,109.0,118.0,21.0,15.0,45.0,40.0,285.0,,1891857.0,,portecr01
298.0,Max Christie,20.0,LAL,SG,67.0,7.0,944.0,103.0,241.0,0.427,42.0,118.0,0.356,61.0,123.0,0.496,0.515,36.0,46.0,0.783,15.0,127.0,142.0,60.0,20.0,17.0,35.0,57.0,284.0,,7142857.0,23142857.0,chrisma02
299.0,Xavier Tillman Sr.,25.0,BOS,PF,54.0,15.0,974.0,121.0,279.0,0.434,20.0,81.0,0.247,101.0,198.0,0.51,0.47,22.0,50.0,0.44,70.0,141.0,211.0,77.0,51.0,44.0,34.0,75.0,284.0,,2237691.0,4784366.0,tillmxa01
302.0,Josh Okogie,25.0,PHO,SG,60.0,11.0,960.0,86.0,206.0,0.417,29.0,94.0,0.309,57.0,112.0,0.509,0.488,76.0,102.0,0.745,74.0,80.0,154.0,64.0,48.0,24.0,36.0,68.0,277.0,,8250000.0,8250000.0,okogijo01
303.0,Jaylin Williams,21.0,OKC,C,69.0,1.0,897.0,95.0,228.0,0.417,53.0,144.0,0.368,42.0,84.0,0.5,0.533,33.0,41.0,0.805,36.0,198.0,234.0,110.0,28.0,27.0,34.0,98.0,276.0,,2019699.0,,willija07
304.0,Jock Landale,28.0,HOU,C,56.0,3.0,763.0,106.0,206.0,0.515,10.0,40.0,0.25,96.0,166.0,0.578,0.539,52.0,65.0,0.8,88.0,84.0,172.0,65.0,20.0,33.0,31.0,74.0,274.0,,8000000.0,16000000.0,landajo01
307.0,Blake Wesley,20.0,SAS,SG,61.0,3.0,876.0,102.0,215.0,0.474,12.0,55.0,0.218,90.0,160.0,0.563,0.502,52.0,78.0,0.667,18.0,76.0,94.0,166.0,29.0,9.0,55.0,89.0,268.0,,2624280.0,2624280.0,weslebl01
308.0,Jae'Sean Tate,28.0,HOU,SF,65.0,9.0,1031.0,108.0,229.0,0.472,23.0,77.0,0.299,85.0,152.0,0.559,0.522,26.0,39.0,0.667,61.0,136.0,197.0,64.0,42.0,15.0,37.0,137.0,265.0,,7065217.0,7065217.0,tateja01
309.0,Cam Reddish,24.0,LAL,SF,48.0,26.0,984.0,91.0,234.0,0.389,37.0,110.0,0.336,54.0,124.0,0.435,0.468,41.0,54.0,0.759,27.0,72.0,99.0,48.0,47.0,14.0,31.0,64.0,260.0,,2463946.0,2463946.0,reddica01
310.0,Bones Hyland,23.0,LAC,PG,37.0,5.0,540.0,97.0,251.0,0.386,44.0,135.0,0.326,53.0,116.0,0.457,0.474,18.0,23.0,0.783,5.0,50.0,55.0,93.0,26.0,4.0,44.0,51.0,256.0,,4158439.0,4158439.0,hylanbo01
311.0,Mo Bamba,25.0,PHI,C,57.0,17.0,740.0,97.0,198.0,0.49,25.0,64.0,0.391,72.0,134.0,0.537,0.553,34.0,50.0,0.68,77.0,161.0,238.0,41.0,22.0,60.0,39.0,101.0,253.0,,2087519.0,2087519.0,bambamo01
312.0,Caleb Houstan,21.0,ORL,SF,59.0,13.0,815.0,80.0,206.0,0.388,72.0,193.0,0.373,8.0,13.0,0.615,0.563,21.0,26.0,0.808,28.0,56.0,84.0,29.0,15.0,4.0,16.0,61.0,253.0,,2019699.0,,houstca01
313.0,A.J. Green,24.0,MIL,SG,56.0,0.0,614.0,83.0,196.0,0.423,69.0,169.0,0.408,14.0,27.0,0.519,0.599,17.0,19.0,0.895,9.0,55.0,64.0,30.0,9.0,4.0,12.0,49.0,252.0,,2120693.0,,greenaj01
314.0,Ben Sheppard,22.0,IND,SG,57.0,1.0,814.0,90.0,229.0,0.393,49.0,156.0,0.314,41.0,73.0,0.562,0.5,23.0,26.0,0.885,15.0,74.0,89.0,53.0,33.0,2.0,15.0,88.0,252.0,,2663880.0,2663880.0,sheppbe01
315.0,Jared Butler,23.0,WAS,SG,40.0,0.0,566.0,98.0,201.0,0.488,24.0,78.0,0.308,74.0,123.0,0.602,0.547,31.0,36.0,0.861,9.0,49.0,58.0,126.0,29.0,8.0,50.0,58.0,251.0,,2196970.0,2196970.0,butleja02
317.0,Mason Plumlee,33.0,LAC,C,46.0,11.0,674.0,87.0,153.0,0.569,0.0,6.0,0.0,87.0,147.0,0.592,0.569,70.0,99.0,0.707,60.0,174.0,234.0,55.0,14.0,17.0,36.0,68.0,244.0,,2087519.0,2087519.0,plumlma01
318.0,Mark Williams,22.0,CHO,C,19.0,19.0,508.0,98.0,151.0,0.649,0.0,0.0,,98.0,151.0,0.649,0.649,46.0,64.0,0.719,76.0,108.0,184.0,22.0,16.0,20.0,17.0,50.0,242.0,,4094280.0,4094280.0,willima07
319.0,Brice Sensabaugh,20.0,UTA,SF,32.0,11.0,584.0,85.0,218.0,0.39,34.0,115.0,0.296,51.0,103.0,0.495,0.468,37.0,41.0,0.902,16.0,86.0,102.0,55.0,13.0,6.0,47.0,43.0,241.0,,2571480.0,2571480.0,sensabr01
320.0,Gary Payton II,31.0,GSW,SG,44.0,0.0,680.0,103.0,183.0,0.563,20.0,55.0,0.364,83.0,128.0,0.648,0.617,14.0,23.0,0.609,46.0,67.0,113.0,48.0,39.0,18.0,27.0,77.0,240.0,,9130000.0,9130000.0,paytoga02
321.0,John Konchar,27.0,MEM,SF,55.0,23.0,1173.0,88.0,208.0,0.423,38.0,120.0,0.317,50.0,88.0,0.568,0.514,21.0,25.0,0.84,72.0,185.0,257.0,110.0,51.0,51.0,46.0,76.0,235.0,,6165000.0,18495000.0,konchjo01
323.0,Chris Duarte,26.0,SAC,SF,59.0,11.0,719.0,80.0,210.0,0.381,44.0,127.0,0.346,36.0,83.0,0.434,0.486,26.0,33.0,0.788,26.0,80.0,106.0,44.0,28.0,8.0,26.0,80.0,230.0,,5893768.0,5893768.0,duartch01
324.0,Julian Strawther,21.0,DEN,SF,50.0,0.0,545.0,82.0,222.0,0.369,41.0,138.0,0.297,41.0,84.0,0.488,0.462,22.0,31.0,0.71,5.0,56.0,61.0,47.0,17.0,7.0,23.0,54.0,227.0,,2552520.0,2552520.0,strawju01
325.0,Ja Morant,24.0,MEM,PG,9.0,9.0,318.0,80.0,170.0,0.471,14.0,51.0,0.275,66.0,119.0,0.555,0.512,52.0,64.0,0.813,6.0,44.0,50.0,73.0,7.0,5.0,27.0,19.0,226.0,,36725670.0,163225200.0,moranja01
326.0,Seth Curry,33.0,CHO,SG,44.0,4.0,616.0,80.0,204.0,0.392,38.0,108.0,0.352,42.0,96.0,0.438,0.485,28.0,31.0,0.903,18.0,50.0,68.0,44.0,22.0,6.0,21.0,39.0,226.0,,2087519.0,2087519.0,curryse01
328.0,KJ Martin,23.0,PHI,SF,60.0,2.0,746.0,97.0,181.0,0.536,8.0,28.0,0.286,89.0,153.0,0.582,0.558,22.0,41.0,0.537,41.0,90.0,131.0,51.0,22.0,12.0,32.0,100.0,224.0,,7975000.0,7975000.0,martike04
333.0,Thomas Bryant,26.0,MIA,C,38.0,4.0,441.0,86.0,149.0,0.577,4.0,22.0,0.182,82.0,127.0,0.646,0.591,41.0,47.0,0.872,40.0,101.0,141.0,23.0,10.0,16.0,21.0,46.0,217.0,,2087519.0,2087519.0,bryanth01
334.0,Shake Milton,27.0,NYK,SG,48.0,0.0,581.0,79.0,195.0,0.405,18.0,64.0,0.281,61.0,131.0,0.466,0.451,40.0,49.0,0.816,14.0,61.0,75.0,60.0,19.0,6.0,31.0,54.0,216.0,,2875000.0,9162406.0,miltosh01
335.0,Tari Eason,22.0,HOU,PF,22.0,0.0,480.0,88.0,189.0,0.466,18.0,50.0,0.36,70.0,139.0,0.504,0.513,21.0,33.0,0.636,46.0,107.0,153.0,27.0,31.0,19.0,20.0,51.0,215.0,,3695160.0,3695160.0,easonta01
336.0,Jalen Wilson,23.0,BRK,PF,43.0,3.0,664.0,76.0,179.0,0.425,24.0,74.0,0.324,52.0,105.0,0.495,0.492,38.0,46.0,0.826,47.0,84.0,131.0,45.0,11.0,4.0,19.0,48.0,214.0,,1891857.0,,wilsoja03
337.0,MarJon Beauchamp,23.0,MIL,SF,48.0,1.0,608.0,81.0,166.0,0.488,30.0,75.0,0.4,51.0,91.0,0.56,0.578,19.0,28.0,0.679,22.0,77.0,99.0,31.0,13.0,7.0,27.0,54.0,211.0,,2733720.0,2733720.0,beaucma01
338.0,Cody Martin,28.0,CHO,SF,28.0,22.0,753.0,82.0,215.0,0.381,27.0,86.0,0.314,55.0,129.0,0.426,0.444,20.0,33.0,0.606,19.0,90.0,109.0,104.0,32.0,18.0,44.0,48.0,211.0,,8120000.0,8120000.0,martico01
339.0,Delon Wright,31.0,MIA,PG,47.0,1.0,742.0,74.0,188.0,0.394,25.0,68.0,0.368,49.0,120.0,0.408,0.46,37.0,45.0,0.822,19.0,67.0,86.0,119.0,54.0,11.0,14.0,32.0,210.0,,2087519.0,2087519.0,wrighde01
340.0,Dwight Powell,32.0,DAL,C,63.0,9.0,836.0,72.0,106.0,0.679,1.0,3.0,0.333,71.0,103.0,0.689,0.684,63.0,89.0,0.708,97.0,117.0,214.0,84.0,26.0,20.0,32.0,113.0,208.0,,4000000.0,4000000.0,poweldw01
342.0,Oshae Brissett,25.0,BOS,SF,55.0,1.0,630.0,68.0,153.0,0.444,15.0,55.0,0.273,53.0,98.0,0.541,0.493,50.0,83.0,0.602,61.0,99.0,160.0,44.0,19.0,8.0,20.0,54.0,201.0,,2463946.0,,brissos01
344.0,Richaun Holmes,30.0,WAS,C,40.0,10.0,555.0,82.0,147.0,0.558,1.0,3.0,0.333,81.0,144.0,0.563,0.561,34.0,47.0,0.723,71.0,111.0,182.0,25.0,11.0,19.0,24.0,74.0,199.0,,12648321.0,12648321.0,holmeri01
345.0,Keita Bates-Diop,28.0,BRK,SF,53.0,8.0,665.0,72.0,166.0,0.434,21.0,69.0,0.304,51.0,97.0,0.526,0.497,32.0,42.0,0.762,31.0,79.0,110.0,38.0,25.0,22.0,15.0,35.0,197.0,,2654644.0,2654644.0,bateske01
346.0,Jordan McLaughlin,27.0,MIN,PG,56.0,0.0,626.0,70.0,145.0,0.483,42.0,89.0,0.472,28.0,56.0,0.5,0.628,13.0,18.0,0.722,18.0,54.0,72.0,110.0,35.0,7.0,19.0,31.0,195.0,,2087519.0,2087519.0,mclaujo01
347.0,Maxi Kleber,32.0,DAL,C,43.0,7.0,871.0,63.0,146.0,0.432,32.0,92.0,0.348,31.0,54.0,0.574,0.541,33.0,47.0,0.702,30.0,113.0,143.0,68.0,17.0,30.0,28.0,79.0,191.0,,11000000.0,22000000.0,klebima01
348.0,Derrick Rose,35.0,MEM,PG,24.0,7.0,399.0,76.0,165.0,0.461,15.0,41.0,0.366,61.0,124.0,0.492,0.506,24.0,27.0,0.889,7.0,38.0,45.0,78.0,8.0,2.0,31.0,21.0,191.0,,3356271.0,3356271.0,rosede01
351.0,Zeke Nnaji,23.0,DEN,PF,58.0,0.0,576.0,69.0,149.0,0.463,6.0,23.0,0.261,63.0,126.0,0.5,0.483,42.0,62.0,0.677,61.0,65.0,126.0,32.0,15.0,38.0,27.0,81.0,186.0,,8888889.0,24533334.0,nnajize01
352.0,JaVale McGee,36.0,SAC,C,46.0,0.0,339.0,79.0,132.0,0.598,1.0,7.0,0.143,78.0,125.0,0.624,0.602,26.0,45.0,0.578,42.0,84.0,126.0,17.0,14.0,20.0,34.0,46.0,185.0,,2208856.0,8835424.0,mcgeeja01
353.0,Dalen Terry,21.0,CHI,SG,59.0,2.0,681.0,69.0,157.0,0.439,17.0,74.0,0.23,52.0,83.0,0.627,0.494,25.0,43.0,0.581,29.0,84.0,113.0,81.0,27.0,18.0,32.0,81.0,180.0,,3510480.0,3510480.0,terryda01
356.0,Ricky Council IV,22.0,PHI,SG,32.0,0.0,289.0,54.0,112.0,0.482,12.0,32.0,0.375,42.0,80.0,0.525,0.536,53.0,71.0,0.746,14.0,32.0,46.0,16.0,8.0,1.0,5.0,17.0,173.0,,1891857.0,4113534.0,councri01
358.0,Mitchell Robinson,25.0,NYK,C,31.0,21.0,768.0,73.0,127.0,0.575,0.0,0.0,,73.0,127.0,0.575,0.575,27.0,66.0,0.409,142.0,121.0,263.0,18.0,37.0,35.0,25.0,55.0,173.0,,14318182.0,27272728.0,robinmi01
360.0,Jalen McDaniels,26.0,TOR,SF,50.0,1.0,538.0,65.0,189.0,0.344,12.0,71.0,0.169,53.0,118.0,0.449,0.376,27.0,37.0,0.73,18.0,61.0,79.0,37.0,19.0,6.0,30.0,52.0,169.0,,4741800.0,4741800.0,mcdanja01
361.0,Patrick Baldwin Jr.,21.0,WAS,SF,38.0,7.0,493.0,59.0,155.0,0.381,31.0,97.0,0.32,28.0,58.0,0.483,0.481,19.0,28.0,0.679,17.0,106.0,123.0,29.0,18.0,15.0,19.0,56.0,168.0,,2448840.0,2448840.0,baldwpa01
364.0,Monte Morris,28.0,MIN,PG,33.0,0.0,476.0,62.0,153.0,0.405,27.0,70.0,0.386,35.0,83.0,0.422,0.493,13.0,19.0,0.684,7.0,50.0,57.0,69.0,19.0,9.0,7.0,14.0,164.0,,2087519.0,2087519.0,morrimo01
365.0,Jaden Springer,21.0,BOS,PG,49.0,2.0,507.0,59.0,148.0,0.399,10.0,48.0,0.208,49.0,100.0,0.49,0.432,35.0,42.0,0.833,33.0,45.0,78.0,44.0,36.0,15.0,34.0,66.0,163.0,,4018363.0,4018363.0,sprinja01
369.0,Rayan Rupert,19.0,POR,SG,39.0,12.0,633.0,54.0,161.0,0.335,28.0,78.0,0.359,26.0,83.0,0.313,0.422,19.0,25.0,0.76,24.0,68.0,92.0,62.0,12.0,3.0,31.0,56.0,155.0,,1891857.0,1891857.0,ruperra01
371.0,Neemias Queta,24.0,BOS,C,28.0,0.0,333.0,67.0,104.0,0.644,0.0,0.0,,67.0,104.0,0.644,0.644,20.0,28.0,0.714,53.0,69.0,122.0,20.0,13.0,21.0,13.0,50.0,154.0,,2162606.0,2162606.0,quetane01
372.0,Javon Freeman-Liberty,24.0,TOR,PG,22.0,6.0,403.0,55.0,124.0,0.444,10.0,42.0,0.238,45.0,82.0,0.549,0.484,33.0,36.0,0.917,16.0,54.0,70.0,40.0,10.0,4.0,25.0,28.0,153.0,,100000.0,100000.0,freemja01
373.0,Johnny Davis,21.0,WAS,SG,50.0,6.0,613.0,62.0,154.0,0.403,14.0,40.0,0.35,48.0,114.0,0.421,0.448,14.0,24.0,0.583,18.0,54.0,72.0,32.0,18.0,10.0,13.0,57.0,152.0,,5291160.0,5291160.0,davisjo06
374.0,Nassir Little,23.0,PHO,SF,45.0,2.0,458.0,57.0,124.0,0.46,21.0,70.0,0.3,36.0,54.0,0.667,0.544,17.0,20.0,0.85,14.0,61.0,75.0,21.0,10.0,10.0,14.0,39.0,152.0,,6750000.0,21750000.0,littlna01
376.0,Jarred Vanderbilt,24.0,LAL,PF,29.0,6.0,581.0,59.0,114.0,0.518,8.0,27.0,0.296,51.0,87.0,0.586,0.553,24.0,36.0,0.667,41.0,97.0,138.0,36.0,36.0,5.0,28.0,43.0,150.0,,10714286.0,34714286.0,vandeja01
383.0,Lindy Waters III,26.0,OKC,SG,38.0,0.0,280.0,49.0,104.0,0.471,37.0,85.0,0.435,12.0,19.0,0.632,0.649,2.0,2.0,1.0,7.0,33.0,40.0,24.0,5.0,7.0,7.0,23.0,137.0,,2196970.0,2196970.0,waterli01
385.0,A.J. Lawson,23.0,DAL,SG,42.0,0.0,311.0,54.0,121.0,0.446,13.0,50.0,0.26,41.0,71.0,0.577,0.5,15.0,23.0,0.652,14.0,36.0,50.0,20.0,10.0,3.0,14.0,22.0,136.0,,2120693.0,6912032.0,lawsoaj01
386.0,Vit Krejci,23.0,ATL,PG,22.0,14.0,541.0,51.0,104.0,0.49,28.0,68.0,0.412,23.0,36.0,0.639,0.625,5.0,6.0,0.833,11.0,41.0,52.0,50.0,13.0,6.0,20.0,48.0,135.0,,2162606.0,2162606.0,krejcvi01
387.0,Noah Clowney,19.0,BRK,PF,23.0,4.0,370.0,50.0,93.0,0.538,12.0,33.0,0.364,38.0,60.0,0.633,0.602,21.0,30.0,0.7,26.0,55.0,81.0,18.0,8.0,16.0,15.0,25.0,133.0,,3244080.0,3244080.0,clownno01
388.0,Ousmane Dieng,20.0,OKC,PF,33.0,0.0,365.0,49.0,116.0,0.422,21.0,70.0,0.3,28.0,46.0,0.609,0.513,14.0,16.0,0.875,10.0,41.0,51.0,37.0,8.0,5.0,19.0,22.0,133.0,,5027040.0,5027040.0,diengou01
392.0,Andre Jackson Jr.,22.0,MIL,SG,57.0,8.0,572.0,50.0,100.0,0.5,17.0,46.0,0.37,33.0,54.0,0.611,0.585,8.0,11.0,0.727,43.0,70.0,113.0,50.0,16.0,6.0,28.0,92.0,125.0,,1891857.0,,jacksan01
393.0,Olivier-Maxence Prosper,21.0,DAL,PF,40.0,1.0,336.0,40.0,104.0,0.385,13.0,45.0,0.289,27.0,59.0,0.458,0.447,28.0,41.0,0.683,25.0,54.0,79.0,22.0,7.0,4.0,8.0,20.0,121.0,,2870400.0,2870400.0,prospol01
394.0,Alex Len,30.0,SAC,C,48.0,0.0,444.0,50.0,81.0,0.617,0.0,3.0,0.0,50.0,78.0,0.641,0.617,20.0,34.0,0.588,46.0,82.0,128.0,50.0,11.0,33.0,27.0,66.0,120.0,,2087519.0,2087519.0,lenal01
395.0,Jarace Walker,20.0,IND,PF,33.0,0.0,340.0,45.0,110.0,0.409,22.0,55.0,0.4,23.0,55.0,0.418,0.509,8.0,9.0,0.889,12.0,51.0,63.0,40.0,15.0,11.0,17.0,29.0,120.0,,6362520.0,6362520.0,walkeja02
396.0,Yuta Watanabe,29.0,MEM,SF,34.0,0.0,464.0,41.0,116.0,0.353,25.0,85.0,0.294,16.0,31.0,0.516,0.461,10.0,17.0,0.588,11.0,43.0,54.0,15.0,12.0,7.0,19.0,39.0,117.0,,2654644.0,,watanyu01
398.0,Jeremiah Robinson-Earl,23.0,NOP,PF,39.0,1.0,334.0,45.0,95.0,0.474,13.0,39.0,0.333,32.0,56.0,0.571,0.542,12.0,16.0,0.75,23.0,53.0,76.0,21.0,10.0,4.0,16.0,24.0,115.0,,2196970.0,2196970.0,robinje02
399.0,Devonte' Graham,28.0,SAS,PG,23.0,0.0,313.0,38.0,108.0,0.352,25.0,83.0,0.301,13.0,25.0,0.52,0.468,13.0,16.0,0.813,5.0,31.0,36.0,49.0,9.0,2.0,17.0,14.0,114.0,,2850000.0,2850000.0,grahade01
406.0,Luka Garza,25.0,MIN,C,25.0,0.0,122.0,36.0,75.0,0.48,9.0,32.0,0.281,27.0,43.0,0.628,0.54,18.0,25.0,0.72,19.0,12.0,31.0,4.0,4.0,1.0,6.0,24.0,99.0,,2162606.0,2162606.0,garzalu01
412.0,Ben Simmons,27.0,BRK,PG,15.0,12.0,359.0,43.0,74.0,0.581,0.0,0.0,,43.0,74.0,0.581,0.581,6.0,15.0,0.4,31.0,88.0,119.0,86.0,12.0,9.0,27.0,36.0,92.0,,40338144.0,40338144.0,simmobe01
413.0,Jericho Sims,25.0,NYK,C,45.0,11.0,585.0,38.0,55.0,0.691,0.0,0.0,,38.0,55.0,0.691,0.691,16.0,24.0,0.667,56.0,91.0,147.0,25.0,8.0,19.0,16.0,45.0,92.0,,2092344.0,2092344.0,simsje01
414.0,Kobe Brown,24.0,LAC,PF,44.0,0.0,394.0,37.0,90.0,0.411,14.0,48.0,0.292,23.0,42.0,0.548,0.489,1.0,2.0,0.5,20.0,42.0,62.0,25.0,12.0,6.0,9.0,49.0,89.0,,2533920.0,2533920.0,brownko01
416.0,Julian Phillips,20.0,CHI,SF,40.0,0.0,323.0,32.0,77.0,0.416,12.0,38.0,0.316,20.0,39.0,0.513,0.494,13.0,19.0,0.684,12.0,24.0,36.0,13.0,7.0,7.0,10.0,40.0,89.0,,1891857.0,4113534.0,phillju01
419.0,Garrett Temple,37.0,TOR,SG,27.0,2.0,289.0,29.0,78.0,0.372,12.0,40.0,0.3,17.0,38.0,0.447,0.449,18.0,22.0,0.818,18.0,27.0,45.0,28.0,12.0,3.0,14.0,28.0,88.0,,2087519.0,2087519.0,templga01
424.0,Gui Santos,21.0,GSW,PF,23.0,0.0,192.0,28.0,55.0,0.509,10.0,27.0,0.37,18.0,28.0,0.643,0.6,16.0,17.0,0.941,17.0,32.0,49.0,14.0,4.0,2.0,7.0,23.0,82.0,,1891857.0,,santogu01
425.0,Kobe Bufkin,20.0,ATL,SG,17.0,0.0,196.0,34.0,92.0,0.37,9.0,40.0,0.225,25.0,52.0,0.481,0.418,4.0,8.0,0.5,6.0,27.0,33.0,27.0,7.0,5.0,10.0,20.0,81.0,,4299000.0,4299000.0,bufkiko01
427.0,Onuralp Bitim,24.0,CHI,SG,23.0,1.0,268.0,32.0,84.0,0.381,12.0,44.0,0.273,20.0,40.0,0.5,0.452,4.0,5.0,0.8,6.0,26.0,32.0,13.0,3.0,2.0,10.0,24.0,80.0,,1891857.0,,bitimon01
429.0,Cody Zeller,31.0,NOP,C,43.0,0.0,320.0,26.0,62.0,0.419,1.0,3.0,0.333,25.0,59.0,0.424,0.427,23.0,38.0,0.605,48.0,64.0,112.0,39.0,9.0,5.0,16.0,45.0,76.0,,3500000.0,3500000.0,zelleco01
434.0,Brandon Clarke,27.0,MEM,PF,6.0,1.0,134.0,33.0,59.0,0.559,1.0,6.0,0.167,32.0,53.0,0.604,0.568,1.0,7.0,0.143,13.0,19.0,32.0,9.0,5.0,6.0,3.0,8.0,68.0,,12500000.0,37500000.0,clarkbr01
436.0,Colby Jones,21.0,SAC,SG,30.0,0.0,192.0,28.0,71.0,0.394,2.0,22.0,0.091,26.0,49.0,0.531,0.408,6.0,11.0,0.545,17.0,23.0,40.0,20.0,7.0,5.0,10.0,29.0,64.0,,2120693.0,2120693.0,jonesco02
437.0,Charles Bassey,23.0,SAS,C,19.0,0.0,205.0,29.0,40.0,0.725,0.0,1.0,0.0,29.0,39.0,0.744,0.725,5.0,6.0,0.833,23.0,53.0,76.0,21.0,8.0,17.0,15.0,31.0,63.0,,2087519.0,2087519.0,bassech01
438.0,Cory Joseph,32.0,GSW,PG,26.0,0.0,296.0,23.0,64.0,0.359,13.0,42.0,0.31,10.0,22.0,0.455,0.461,4.0,7.0,0.571,6.0,24.0,30.0,42.0,4.0,3.0,12.0,25.0,63.0,,3303771.0,3303771.0,josepco01
447.0,P.J. Tucker,38.0,LAC,PF,31.0,10.0,486.0,18.0,50.0,0.36,13.0,35.0,0.371,5.0,15.0,0.333,0.49,3.0,3.0,1.0,28.0,57.0,85.0,16.0,16.0,7.0,8.0,54.0,52.0,,11539000.0,11539000.0,tuckepj01
449.0,Josh Minott,21.0,MIN,SF,32.0,0.0,91.0,17.0,36.0,0.472,4.0,10.0,0.4,13.0,26.0,0.5,0.528,12.0,14.0,0.857,4.0,13.0,17.0,8.0,5.0,5.0,2.0,10.0,50.0,,2019699.0,,minotjo01
451.0,AJ Griffin,20.0,ATL,SF,20.0,0.0,171.0,18.0,62.0,0.29,10.0,39.0,0.256,8.0,23.0,0.348,0.371,2.0,2.0,1.0,2.0,16.0,18.0,5.0,1.0,2.0,8.0,6.0,48.0,,3889920.0,3889920.0,griffaj01
455.0,Sidy Cissoko,19.0,SAS,SF,12.0,0.0,141.0,16.0,33.0,0.485,1.0,12.0,0.083,15.0,21.0,0.714,0.5,12.0,15.0,0.8,8.0,14.0,22.0,10.0,7.0,3.0,3.0,18.0,45.0,,1891857.0,4113534.0,cissosi01
457.0,Ryan Rollins,21.0,MIL,PG,13.0,0.0,78.0,14.0,27.0,0.519,3.0,4.0,0.75,11.0,23.0,0.478,0.574,13.0,17.0,0.765,2.0,11.0,13.0,14.0,10.0,3.0,8.0,8.0,44.0,,600000.0,600000.0,rolliry01
461.0,Jalen Pickett,24.0,DEN,SG,27.0,0.0,122.0,15.0,35.0,0.429,9.0,25.0,0.36,6.0,10.0,0.6,0.557,3.0,4.0,0.75,1.0,13.0,14.0,21.0,4.0,0.0,9.0,13.0,42.0,,1891857.0,4113534.0,pickeja02
466.0,Robert Williams,26.0,POR,C,6.0,0.0,119.0,17.0,26.0,0.654,0.0,0.0,,17.0,26.0,0.654,0.654,7.0,9.0,0.778,11.0,27.0,38.0,5.0,7.0,7.0,7.0,17.0,41.0,,12428571.0,25714284.0,williro04
476.0,Jalen Hood-Schifino,20.0,LAL,SG,21.0,0.0,109.0,10.0,45.0,0.222,2.0,15.0,0.133,8.0,30.0,0.267,0.244,12.0,20.0,0.6,2.0,11.0,13.0,8.0,3.0,2.0,9.0,13.0,34.0,,3879840.0,3879840.0,hoodsja01
478.0,Gabe Vincent,27.0,LAL,PG,11.0,0.0,218.0,15.0,49.0,0.306,3.0,28.0,0.107,12.0,21.0,0.571,0.337,1.0,2.0,0.5,4.0,5.0,9.0,21.0,9.0,0.0,5.0,19.0,34.0,,11000000.0,22500000.0,vincega01
479.0,Taj Gibson,38.0,DET,PF,20.0,1.0,204.0,15.0,37.0,0.405,2.0,10.0,0.2,13.0,27.0,0.481,0.432,2.0,2.0,1.0,12.0,25.0,37.0,11.0,3.0,7.0,5.0,31.0,34.0,,2087519.0,2087519.0,gibsota01
488.0,Jett Howard,20.0,ORL,SF,18.0,0.0,67.0,10.0,30.0,0.333,7.0,25.0,0.28,3.0,5.0,0.6,0.45,2.0,4.0,0.5,1.0,6.0,7.0,6.0,2.0,2.0,3.0,4.0,29.0,,5278320.0,5278320.0,howarje01
489.0,Leonard Miller,20.0,MIN,SF,17.0,0.0,52.0,13.0,20.0,0.65,2.0,5.0,0.4,11.0,15.0,0.733,0.7,1.0,2.0,0.5,5.0,15.0,20.0,8.0,2.0,1.0,1.0,5.0,29.0,,1891857.0,1891857.0,millele01
493.0,Chris Livingston,20.0,MIL,SF,21.0,0.0,90.0,11.0,22.0,0.5,1.0,5.0,0.2,10.0,17.0,0.588,0.523,3.0,4.0,0.75,3.0,18.0,21.0,5.0,2.0,0.0,5.0,15.0,26.0,,1891857.0,1891857.0,livinch01
497.0,Mouhamed Gueye,21.0,ATL,PF,6.0,0.0,73.0,8.0,23.0,0.348,3.0,9.0,0.333,5.0,14.0,0.357,0.413,5.0,6.0,0.833,10.0,12.0,22.0,4.0,5.0,4.0,1.0,13.0,24.0,,1891857.0,1891857.0,gueyemo02
505.0,Kendall Brown,20.0,IND,SG,15.0,0.0,63.0,8.0,15.0,0.533,0.0,2.0,0.0,8.0,13.0,0.615,0.533,5.0,8.0,0.625,3.0,2.0,5.0,5.0,0.0,0.0,2.0,9.0,21.0,,2120693.0,,brownke03
509.0,Hunter Tyson,23.0,DEN,PF,18.0,0.0,48.0,8.0,20.0,0.4,4.0,14.0,0.286,4.0,6.0,0.667,0.5,0.0,0.0,,1.0,8.0,9.0,2.0,1.0,0.0,2.0,10.0,20.0,,1891857.0,4113534.0,tysonhu01
513.0,Wendell Moore Jr.,22.0,MIN,SG,25.0,0.0,75.0,9.0,18.0,0.5,0.0,6.0,0.0,9.0,12.0,0.75,0.5,0.0,0.0,,0.0,12.0,12.0,6.0,5.0,1.0,4.0,5.0,18.0,,2537040.0,2537040.0,moorewe01
517.0,Jordan Walsh,19.0,BOS,SF,9.0,1.0,83.0,6.0,15.0,0.4,2.0,9.0,0.222,4.0,6.0,0.667,0.467,1.0,2.0,0.5,5.0,15.0,20.0,5.0,5.0,1.0,3.0,11.0,15.0,,1891857.0,2091857.0,walshjo01
520.0,DaQuan Jeffries,26.0,NYK,SG,17.0,0.0,46.0,6.0,17.0,0.353,2.0,10.0,0.2,4.0,7.0,0.571,0.412,0.0,2.0,0.0,0.0,5.0,5.0,5.0,0.0,1.0,3.0,2.0,14.0,,2463946.0,,jeffrda01
527.0,Mamadi Diakite,27.0,NYK,PF,6.0,0.0,24.0,4.0,6.0,0.667,0.0,1.0,0.0,4.0,5.0,0.8,0.667,4.0,6.0,0.667,1.0,3.0,4.0,2.0,1.0,1.0,1.0,2.0,12.0,,2273252.0,2273252.0,diakima01
533.0,Maxwell Lewis,21.0,LAL,SF,34.0,0.0,103.0,4.0,21.0,0.19,1.0,9.0,0.111,3.0,12.0,0.25,0.214,2.0,3.0,0.667,2.0,2.0,4.0,6.0,2.0,1.0,10.0,5.0,11.0,,1891857.0,1891857.0,lewisma05
549.0,Ty Jerome,26.0,CLE,SG,2.0,0.0,15.0,2.0,4.0,0.5,0.0,1.0,0.0,2.0,3.0,0.667,0.5,0.0,0.0,,1.0,0.0,1.0,3.0,0.0,0.0,1.0,2.0,4.0,,2560975.0,2560975.0,jeromty01
550.0,E.J. Liddell,23.0,NOP,PF,8.0,0.0,23.0,1.0,6.0,0.167,0.0,5.0,0.0,1.0,1.0,1.0,0.167,2.0,2.0,1.0,0.0,5.0,5.0,1.0,2.0,2.0,2.0,2.0,4.0,,2120693.0,2120693.0,liddeej01
556.0,Dariq Whitehead,19.0,BRK,SF,2.0,0.0,24.0,1.0,5.0,0.2,0.0,3.0,0.0,1.0,2.0,0.5,0.2,1.0,2.0,0.5,0.0,4.0,4.0,3.0,0.0,1.0,0.0,0.0,3.0,,3114240.0,3114240.0,whiteda01
561.0,Joshua Primo,21.0,LAC,SG,2.0,0.0,10.0,1.0,3.0,0.333,0.0,1.0,0.0,1.0,2.0,0.5,0.333,0.0,0.0,,1.0,0.0,1.0,0.0,0.0,1.0,4.0,0.0,2.0,,2196970.0,,primojo01
569.0,Ron Harper Jr.,23.0,TOR,PF,1.0,0.0,4.0,0.0,0.0,,0.0,0.0,,0.0,0.0,,,0.0,0.0,,0.0,0.0,0.0,1.0,0.0,0.0,0.0,2.0,0.0,,2087519.0,2087519.0,harpero02
