PlayerID,Player,Team,Pos,Age,G,GS,MP,FG,FGA,FG_Percentage,ThreeP,ThreePA,ThreeP_Percentage,TwoP,TwoPA,TwoP_Percentage,FT,FTA,FT_Percentage,ORB,DRB,TRB,AST,STL,BLK,TOV,PF,PTS,Salary
100,Luka Dončić,DAL,PG,24,70,70,37.486,11.486,23.600,0.487,4.057,10.629,0.382,7.429,12.971,0.573,6.829,8.686,0.786,0.843,8.400,9.243,9.800,1.414,0.543,4.029,2.129,33.857,43031940.000
101,Shai Gilgeous-Alexander,OKC,PG,25,75,75,34.040,10.613,19.827,0.535,1.267,3.587,0.353,9.347,16.240,0.576,7.560,8.653,0.874,0.867,4.667,5.533,6.200,2.000,0.893,2.160,2.453,30.053,35859950.000
102,Giannis Antetokounmpo,MIL,PF,29,73,73,35.164,11.466,18.753,0.611,0.466,1.699,0.274,11.000,17.055,0.645,7.041,10.712,0.657,2.685,8.836,11.521,6.521,1.192,1.082,3.425,2.877,30.438,48787676.000
103,Jalen Brunson,NYK,PG,27,77,77,35.403,10.260,21.403,0.479,2.740,6.831,0.401,7.519,14.571,0.516,5.468,6.455,0.847,0.558,3.052,3.610,6.740,0.909,0.169,2.416,1.870,28.727,24960001.000
104,Nikola Jokić,DEN,C,28,79,79,34.646,10.405,17.861,0.583,1.051,2.924,0.359,9.354,14.937,0.626,4.532,5.544,0.817,2.823,9.532,12.354,8.962,1.367,0.861,3.000,2.456,26.392,51415938.000
105,Anthony Edwards,MIN,SG,22,79,78,35.063,9.089,19.722,0.461,2.405,6.734,0.357,6.684,12.987,0.515,5.354,6.405,0.836,0.658,4.785,5.443,5.127,1.278,0.532,3.051,1.785,25.937,42176400.000
106,Kevin Durant,PHO,PF,35,75,75,37.213,10.013,19.147,0.523,2.240,5.427,0.413,7.773,13.720,0.567,4.827,5.640,0.856,0.547,6.053,6.600,5.040,0.920,1.213,3.253,1.773,27.093,51179021.000
107,Jayson Tatum,BOS,PF,25,74,74,35.743,9.081,19.270,0.471,3.095,8.230,0.376,5.986,11.041,0.542,5.595,6.716,0.833,0.905,7.216,8.122,4.919,1.014,0.581,2.541,1.959,26.851,34848340.000
108,De'Aaron Fox,SAC,PG,26,74,74,35.932,9.730,20.932,0.465,2.892,7.838,0.369,6.838,13.095,0.522,4.216,5.716,0.738,0.905,3.689,4.595,5.649,2.027,0.419,2.622,2.608,26.568,34848340.000
109,Stephen Curry,GSW,PG,35,74,74,32.716,8.784,19.527,0.450,4.824,11.838,0.408,3.959,7.689,0.515,4.041,4.378,0.923,0.500,3.959,4.459,5.122,0.730,0.378,2.838,1.581,26.432,55761216.000
110,DeMar DeRozan,CHI,SF,34,79,79,37.835,8.228,17.152,0.480,0.949,2.848,0.333,7.278,14.304,0.509,6.608,7.747,0.853,0.544,3.759,4.304,5.329,1.139,0.570,1.709,2.038,24.013,23400000.000
111,Anthony Davis,LAL,C,30,76,76,35.526,9.382,16.882,0.556,0.382,1.408,0.271,9.000,15.474,0.582,5.539,6.789,0.816,3.145,9.500,12.645,3.500,1.197,2.342,2.092,2.329,24.684,43219440.000
112,Devin Booker,PHO,PG,27,68,68,35.985,9.441,19.191,0.492,2.235,6.147,0.364,7.206,13.044,0.552,5.956,6.721,0.886,0.824,3.706,4.529,6.941,0.897,0.412,2.618,3.029,27.074,49205800.000
113,LeBron James,LAL,PF,39,71,71,35.268,9.648,17.873,0.540,2.099,5.113,0.410,7.549,12.761,0.592,4.268,5.690,0.750,0.859,6.437,7.296,8.296,1.254,0.535,3.451,1.099,25.662,48728845.000
114,Tyrese Maxey,PHI,PG,23,70,70,37.514,9.114,20.271,0.450,3.029,8.129,0.373,6.086,12.143,0.501,4.686,5.400,0.868,0.514,3.171,3.686,6.186,0.986,0.471,1.657,2.157,25.943,35147000.000
115,Paolo Banchero,ORL,PF,21,80,80,34.988,8.000,17.588,0.455,1.488,4.388,0.339,6.512,13.200,0.493,5.062,6.988,0.725,1.025,5.900,6.925,5.388,0.888,0.588,3.088,1.912,22.550,12160800.000
116,Damian Lillard,MIL,PG,33,73,73,35.329,7.411,17.493,0.424,3.014,8.521,0.354,4.397,8.973,0.490,6.479,7.041,0.920,0.493,3.890,4.384,6.959,0.986,0.247,2.644,1.836,24.315,48787676.000
117,Dejounte Murray,ATL,SG,27,78,78,35.679,8.615,18.756,0.459,2.577,7.103,0.363,6.038,11.654,0.518,2.667,3.359,0.794,0.795,4.538,5.333,6.436,1.423,0.308,2.577,1.769,22.474,25499599.000
118,Pascal Siakam,IND,PF,29,80,80,33.212,8.512,15.888,0.536,1.062,3.075,0.346,7.450,12.812,0.581,3.625,4.950,0.732,1.738,5.325,7.062,4.275,0.788,0.312,1.762,2.412,21.712,42176400.000
119,Paul George,LAC,PF,33,74,74,33.811,7.865,16.703,0.471,3.284,7.946,0.413,4.581,8.757,0.523,3.568,3.932,0.907,0.500,4.743,5.243,3.541,1.527,0.500,2.068,2.730,22.581,49205800.000
120,Kawhi Leonard,LAC,SF,32,68,68,34.265,8.971,17.088,0.525,2.059,4.941,0.417,6.912,12.147,0.569,3.721,4.206,0.885,1.235,4.882,6.118,3.588,1.632,0.868,1.750,1.426,23.721,49205800.000
121,Jaylen Brown,BOS,SF,27,70,70,33.471,8.957,17.943,0.499,2.071,5.857,0.354,6.886,12.086,0.570,3.014,4.286,0.703,1.200,4.329,5.529,3.557,1.186,0.529,2.371,2.643,23.000,49700000.000
122,Jalen Green,HOU,SG,21,82,82,31.720,6.866,16.244,0.423,2.451,7.378,0.332,4.415,8.866,0.498,3.451,4.293,0.804,0.500,4.659,5.159,3.549,0.805,0.341,2.329,1.402,19.634,12483048.000
123,Mikal Bridges,BRK,SF,27,82,82,34.805,6.878,15.780,0.436,2.683,7.220,0.372,4.195,8.561,0.490,3.146,3.866,0.814,0.829,3.707,4.537,3.646,0.988,0.366,2.000,1.415,19.585,23300000.000
124,Zion Williamson,NOP,PF,23,70,70,31.529,8.914,15.629,0.570,0.086,0.257,0.333,8.829,15.371,0.574,4.957,7.057,0.702,1.743,4.057,5.800,5.029,1.100,0.671,2.757,2.271,22.871,36725670.000
125,Domantas Sabonis,SAC,C,27,82,82,35.707,7.732,13.024,0.594,0.402,1.061,0.379,7.329,11.963,0.613,3.561,5.061,0.704,3.585,10.073,13.659,8.207,0.902,0.585,3.317,3.049,19.427,40500000.000
126,Kyle Kuzma,WAS,PF,28,70,70,32.586,8.686,18.757,0.463,2.157,6.429,0.336,6.529,12.329,0.530,2.657,3.429,0.775,0.886,5.743,6.629,4.229,0.529,0.700,2.743,2.186,22.186,23522727.000
127,Victor Wembanyama,SAS,C,20,71,71,29.662,7.761,16.704,0.465,1.803,5.549,0.325,5.958,11.155,0.534,4.113,5.169,0.796,2.268,8.366,10.634,3.859,1.239,3.577,3.662,2.155,21.437,12768960.000
128,Coby White,CHI,PG,23,79,78,36.468,6.848,15.304,0.447,2.646,7.038,0.376,4.203,8.266,0.508,2.759,3.291,0.838,0.557,3.975,4.532,5.127,0.671,0.228,2.101,2.354,19.101,12000000.000
129,Kyrie Irving,DAL,SG,31,58,58,35.000,9.690,19.500,0.497,2.983,7.259,0.411,6.707,12.241,0.548,3.276,3.621,0.905,0.759,4.241,5.000,5.155,1.276,0.483,1.828,1.931,25.638,41000000.000
130,Jaren Jackson Jr.,MEM,C,24,66,66,32.182,7.818,17.606,0.444,1.773,5.545,0.320,6.045,12.061,0.501,5.106,6.318,0.808,1.288,4.242,5.530,2.333,1.212,1.606,2.424,3.561,22.515,25257798.000
131,Cam Thomas,BRK,SG,22,66,51,31.439,7.970,18.030,0.442,2.182,6.000,0.364,5.788,12.030,0.481,4.333,5.061,0.856,0.424,2.818,3.242,2.909,0.682,0.242,1.879,2.091,22.455,4041249.000
132,Donovan Mitchell,CLE,SG,27,55,55,35.309,9.145,19.800,0.462,3.309,8.982,0.368,5.836,10.818,0.539,5.000,5.782,0.865,0.836,4.255,5.091,6.055,1.836,0.545,2.800,2.145,26.600,35410310.000
133,Collin Sexton,UTA,SG,25,78,51,26.603,6.487,13.308,0.487,1.641,4.167,0.394,4.846,9.141,0.530,4.077,4.744,0.859,0.910,1.718,2.628,4.910,0.795,0.231,2.115,1.974,18.692,18350000.000
134,Miles Bridges,CHO,SF,25,69,67,37.406,8.101,17.536,0.462,2.275,6.522,0.349,5.826,11.014,0.529,2.522,3.058,0.825,1.029,6.290,7.319,3.348,0.942,0.478,2.000,1.710,21.000,27173913.000
135,Franz Wagner,ORL,SF,22,72,72,32.458,7.333,15.222,0.482,1.306,4.639,0.281,6.028,10.583,0.570,3.764,4.431,0.850,1.000,4.292,5.292,3.736,1.056,0.389,1.903,2.333,19.736,7007092.000
136,Cade Cunningham,DET,PG,22,62,62,33.452,8.452,18.823,0.449,1.919,5.403,0.355,6.532,13.419,0.487,3.839,4.419,0.869,0.532,3.790,4.323,7.484,0.903,0.355,3.419,2.468,22.661,13940809.000
137,Tyrese Haliburton,IND,PG,23,69,68,32.232,7.246,15.188,0.477,2.826,7.754,0.364,4.420,7.435,0.595,2.812,3.290,0.855,0.507,3.420,3.928,10.899,1.203,0.696,2.304,1.087,20.130,42176400.000
138,Trae Young,ATL,PG,25,54,54,35.963,8.019,18.667,0.430,3.241,8.685,0.373,4.778,9.981,0.479,6.444,7.537,0.855,0.426,2.333,2.759,10.796,1.333,0.204,4.352,2.019,25.722,43031940.000
139,Klay Thompson,GSW,SF,33,77,63,29.662,6.364,14.714,0.432,3.481,8.987,0.387,2.883,5.727,0.503,1.649,1.779,0.927,0.455,2.844,3.299,2.286,0.649,0.455,1.519,1.649,17.857,15873016.000
140,Nikola Vučević,CHI,C,33,76,74,34.342,7.711,15.934,0.484,1.211,4.118,0.294,6.500,11.816,0.550,1.395,1.697,0.822,2.763,7.776,10.539,3.342,0.658,0.789,1.579,2.500,18.026,20000000.000
141,D'Angelo Russell,LAL,PG,27,76,69,32.684,6.474,14.211,0.456,2.974,7.171,0.415,3.500,7.039,0.497,2.092,2.526,0.828,0.368,2.737,3.105,6.342,0.908,0.474,2.053,2.053,18.013,18692307.000
142,Bam Adebayo,MIA,C,26,71,71,34.028,7.465,14.324,0.521,0.211,0.592,0.357,7.254,13.732,0.528,4.113,5.451,0.755,2.239,8.141,10.380,3.915,1.141,0.930,2.282,2.239,19.254,34848340.000
143,Chet Holmgren,OKC,C,21,82,82,29.427,6.159,11.622,0.530,1.573,4.256,0.370,4.585,7.366,0.623,2.659,3.354,0.793,1.573,6.329,7.902,2.439,0.646,2.317,1.598,2.402,16.549,10880640.000
144,Jordan Poole,WAS,SG,24,78,66,30.077,6.282,15.205,0.413,2.359,7.231,0.326,3.923,7.974,0.492,2.462,2.808,0.877,0.410,2.308,2.718,4.397,1.103,0.321,2.410,3.128,17.385,29651786.000
145,Michael Porter Jr.,DEN,SF,25,81,81,31.667,6.444,13.321,0.484,2.716,6.840,0.397,3.728,6.481,0.575,1.136,1.358,0.836,1.309,5.667,6.975,1.506,0.519,0.654,1.136,1.827,16.741,35859950.000
146,Jalen Williams,OKC,PF,22,71,71,31.310,7.549,13.986,0.540,1.451,3.394,0.427,6.099,10.592,0.576,2.535,3.113,0.814,0.521,3.451,3.972,4.535,1.127,0.634,1.732,2.465,19.085,4775760.000
147,Joel Embiid,PHI,C,29,39,39,33.564,11.538,21.821,0.529,1.385,3.564,0.388,10.154,18.256,0.556,10.231,11.590,0.883,2.436,8.590,11.026,5.615,1.179,1.692,3.846,2.872,34.692,51415938.000
148,Karl-Anthony Towns,MIN,PF,28,62,62,32.677,7.726,15.339,0.504,2.194,5.274,0.416,5.532,10.065,0.550,4.113,4.710,0.873,1.516,6.790,8.306,3.048,0.694,0.661,2.855,3.290,21.758,49205800.000
149,Bogdan Bogdanović,ATL,SG,31,79,33,30.392,5.962,13.924,0.428,3.038,8.114,0.374,2.924,5.810,0.503,1.911,2.076,0.921,0.671,2.772,3.443,3.127,1.215,0.329,1.418,2.266,16.873,17260000.000
150,Brandon Ingram,NOP,SF,26,64,64,32.859,7.812,15.891,0.492,1.344,3.781,0.355,6.469,12.109,0.534,3.844,4.797,0.801,0.672,4.391,5.062,5.672,0.781,0.625,2.547,2.266,20.812,36016200.000
151,Alperen Sengun,HOU,C,21,63,63,32.476,8.365,15.587,0.537,0.524,1.762,0.297,7.841,13.825,0.567,3.873,5.587,0.693,2.905,6.444,9.349,4.952,1.206,0.730,2.571,3.349,21.127,5424654.000
152,Devin Vassell,SAS,SG,23,68,62,33.059,7.324,15.529,0.472,2.441,6.559,0.372,4.882,8.971,0.544,2.368,2.956,0.801,0.397,3.441,3.838,4.074,1.074,0.338,1.588,1.088,19.456,29347826.000
153,CJ McCollum,NOP,PG,32,66,66,32.712,7.333,15.985,0.459,3.621,8.439,0.429,3.712,7.545,0.492,1.742,2.106,0.827,0.591,3.742,4.333,4.621,0.939,0.621,1.667,1.909,20.030,33333333.000
154,Myles Turner,IND,C,27,77,77,26.961,6.182,11.805,0.524,1.506,4.208,0.358,4.675,7.597,0.615,3.182,4.117,0.773,1.468,5.455,6.922,1.299,0.506,1.870,1.416,3.013,17.052,19928500.000
155,Austin Reaves,LAL,SG,25,82,57,32.061,5.573,11.463,0.486,1.878,5.122,0.367,3.695,6.341,0.583,2.829,3.317,0.853,0.695,3.598,4.293,5.488,0.805,0.305,2.122,1.866,15.854,12976362.000
156,Brandon Miller,CHO,SF,21,74,68,32.203,6.432,14.635,0.440,2.486,6.662,0.373,3.946,7.973,0.495,1.932,2.338,0.827,0.811,3.446,4.257,2.365,0.892,0.568,1.784,2.486,17.284,11424600.000
157,Lauri Markkanen,UTA,PF,26,55,55,33.091,7.764,16.182,0.480,3.182,7.982,0.399,4.582,8.200,0.559,4.527,5.036,0.899,2.218,5.945,8.164,2.000,0.909,0.473,1.400,1.818,23.236,42176400.000
158,Jarrett Allen,CLE,C,25,77,77,31.714,6.740,10.636,0.634,0.000,0.078,0.000,6.740,10.558,0.638,3.026,4.078,0.742,3.156,7.377,10.532,2.727,0.688,1.052,1.571,1.909,16.506,20000000.000
159,Fred VanVleet,HOU,PG,29,73,73,36.767,5.795,13.945,0.416,3.110,8.027,0.387,2.685,5.918,0.454,2.699,3.137,0.860,0.452,3.356,3.808,8.068,1.384,0.808,1.726,2.507,17.397,42846615.000
160,Donte DiVincenzo,NYK,SG,27,81,63,29.136,5.494,12.395,0.443,3.494,8.704,0.401,2.000,3.691,0.542,1.062,1.407,0.754,0.778,2.889,3.667,2.667,1.321,0.444,1.395,2.049,15.543,11445000.000
161,Jamal Murray,DEN,PG,26,59,59,31.542,8.034,16.712,0.481,2.458,5.780,0.425,5.576,10.932,0.510,2.661,3.119,0.853,0.712,3.390,4.102,6.508,0.966,0.661,2.119,1.763,21.186,36016200.000
162,Jimmy Butler,MIA,PF,34,60,60,34.033,6.600,13.217,0.499,1.000,2.417,0.414,5.600,10.800,0.519,6.567,7.650,0.858,1.750,3.550,5.300,4.967,1.317,0.283,1.700,1.133,20.767,48798677.000
163,Terry Rozier,MIA,SG,29,61,60,33.443,7.246,16.361,0.443,2.443,6.721,0.363,4.803,9.639,0.498,2.820,3.246,0.869,0.574,3.475,4.049,5.607,1.033,0.344,1.738,1.656,19.754,24924126.000
164,Tobias Harris,PHI,PF,31,70,70,33.829,6.614,13.586,0.487,1.300,3.686,0.353,5.314,9.900,0.537,2.671,3.043,0.878,1.143,5.329,6.471,3.100,1.000,0.657,1.329,1.643,17.200,25365854.000
165,James Harden,LAC,PG,34,72,72,34.306,4.889,11.417,0.428,2.583,6.778,0.381,2.306,4.639,0.497,4.194,4.778,0.878,0.472,4.653,5.125,8.528,1.069,0.792,2.569,1.764,16.556,33653846.000
166,Scottie Barnes,TOR,SG,22,60,60,34.900,7.450,15.700,0.475,1.683,4.933,0.341,5.767,10.767,0.536,3.267,4.183,0.781,2.350,5.883,8.233,6.050,1.250,1.467,2.750,1.967,19.850,10130980.000
167,Jonathan Kuminga,GSW,PF,21,74,46,26.338,6.162,11.649,0.529,0.716,2.230,0.321,5.446,9.419,0.578,3.014,4.041,0.746,1.243,3.554,4.797,2.203,0.743,0.486,1.649,2.284,16.054,7636307.000
168,Jaden Ivey,DET,SG,21,77,61,28.792,5.416,12.636,0.429,1.610,4.792,0.336,3.805,7.844,0.485,2.948,3.935,0.749,1.117,2.312,3.429,3.844,0.740,0.532,2.468,2.649,15.390,7977240.000
169,Keegan Murray,SAC,SF,23,77,77,33.610,5.753,12.662,0.454,2.377,6.636,0.358,3.377,6.026,0.560,1.338,1.610,0.831,1.377,4.078,5.455,1.675,1.026,0.766,0.831,2.662,15.221,8809560.000
170,RJ Barrett,TOR,SG,23,58,58,31.690,7.517,15.172,0.495,1.552,4.310,0.360,5.966,10.862,0.549,3.586,5.017,0.715,0.914,4.517,5.431,3.328,0.534,0.379,2.172,2.224,20.172,25794643.000
171,Immanuel Quickley,TOR,SG,24,68,38,29.191,5.706,13.147,0.434,2.515,6.368,0.395,3.191,6.779,0.471,3.074,3.603,0.853,0.250,3.559,3.809,4.868,0.735,0.147,1.485,1.750,17.000,32500000.000
172,Kristaps Porziņģis,BOS,C,28,57,57,29.649,6.807,13.193,0.516,1.930,5.140,0.375,4.877,8.053,0.606,4.544,5.298,0.858,1.702,5.474,7.175,2.018,0.737,1.947,1.561,2.737,20.088,29268293.000
173,Tim Hardaway Jr.,DAL,SF,31,79,12,26.835,4.962,12.354,0.402,2.671,7.557,0.353,2.291,4.797,0.478,1.823,2.139,0.852,0.278,2.937,3.215,1.759,0.532,0.076,0.873,1.342,14.418,16193183.000
174,Jerami Grant,POR,PF,29,54,54,33.889,7.093,15.741,0.451,2.056,5.111,0.402,5.037,10.630,0.474,4.722,5.778,0.817,0.685,2.852,3.537,2.815,0.833,0.630,2.148,2.167,20.963,29793104.000
175,Bobby Portis,MIL,PF,28,82,4,24.488,5.683,11.195,0.508,1.220,3.000,0.407,4.463,8.195,0.545,1.195,1.512,0.790,1.732,5.671,7.402,1.268,0.829,0.415,1.110,2.305,13.780,12578286.000
176,Dennis Schröder,BRK,PG,30,80,58,31.075,5.038,11.588,0.435,1.725,4.600,0.375,3.312,6.988,0.474,2.225,2.662,0.836,0.488,2.538,3.025,6.100,0.788,0.212,1.912,2.050,14.025,13025250.000
177,Malik Monk,SAC,SG,25,72,0,26.000,5.500,12.403,0.443,2.056,5.875,0.350,3.444,6.528,0.528,2.361,2.847,0.829,0.389,2.556,2.944,5.139,0.625,0.542,2.083,2.167,15.417,17405203.000
178,Derrick White,BOS,SG,29,73,73,32.616,5.301,11.493,0.461,2.685,6.781,0.396,2.616,4.712,0.555,1.877,2.082,0.901,0.699,3.548,4.247,5.164,1.014,1.192,1.534,2.082,15.164,20071429.000
179,Deni Avdija,WAS,SF,23,75,75,30.093,5.413,10.707,0.506,1.173,3.133,0.374,4.240,7.573,0.560,2.693,3.640,0.740,1.120,6.080,7.200,3.813,0.800,0.480,2.133,2.467,14.693,15625000.000
180,Julius Randle,NYK,PF,29,46,46,35.435,8.587,18.174,0.472,1.652,5.304,0.311,6.935,12.870,0.539,5.130,6.565,0.781,2.152,7.043,9.196,4.978,0.543,0.261,3.457,2.717,23.957,28939680.000
181,Naz Reid,MIN,C,24,81,14,24.247,5.012,10.506,0.477,2.086,5.037,0.414,2.926,5.469,0.535,1.346,1.827,0.736,0.901,4.321,5.222,1.309,0.778,0.901,1.370,2.123,13.457,13986432.000
182,Keldon Johnson,SAS,SF,24,69,27,29.536,5.667,12.493,0.454,1.841,5.319,0.346,3.826,7.174,0.533,2.536,3.203,0.792,1.377,4.087,5.464,2.826,0.739,0.290,1.449,2.159,15.710,19000000.000
183,Corey Kispert,WAS,SF,24,80,22,25.838,4.825,9.925,0.486,2.300,6.000,0.383,2.525,3.925,0.643,1.425,1.962,0.726,0.375,2.438,2.812,1.950,0.512,0.200,1.225,1.762,13.375,5705887.000
184,Rudy Gobert,MIN,C,31,76,76,34.118,5.342,8.079,0.661,0.000,0.039,0.000,5.342,8.039,0.664,3.276,5.132,0.638,3.750,9.171,12.921,1.342,0.684,2.132,1.553,3.132,13.961,43827586.000
185,Norman Powell,LAC,SG,30,76,3,26.184,4.908,10.105,0.486,2.197,5.053,0.435,2.711,5.053,0.536,1.882,2.263,0.831,0.211,2.355,2.566,1.079,0.566,0.289,0.868,1.803,13.895,19241379.000
186,Kelly Oubre Jr.,PHI,SF,28,68,52,30.221,5.691,12.912,0.441,1.485,4.779,0.311,4.206,8.132,0.517,2.559,3.412,0.750,1.382,3.632,5.015,1.485,1.132,0.691,1.279,2.853,15.426,7983000.000
187,Jabari Smith Jr.,HOU,PF,20,76,76,31.895,4.974,10.961,0.454,1.816,5.000,0.363,3.158,5.961,0.530,1.974,2.434,0.811,1.829,6.276,8.105,1.592,0.684,0.803,1.171,2.632,13.737,9770880.000
188,Anfernee Simons,POR,SG,24,46,46,34.391,7.826,18.196,0.430,3.391,8.804,0.385,4.435,9.391,0.472,3.543,3.870,0.916,0.478,3.152,3.630,5.543,0.500,0.109,2.739,2.130,22.587,25892857.000
189,Darius Garland,CLE,PG,24,57,57,33.351,6.579,14.754,0.446,2.316,6.246,0.371,4.263,8.509,0.501,2.561,3.070,0.834,0.526,2.140,2.667,6.544,1.298,0.123,3.088,1.667,18.035,36725670.000
190,John Collins,UTA,PF,26,68,66,27.956,5.838,10.971,0.532,1.265,3.412,0.371,4.574,7.559,0.605,2.162,2.721,0.795,2.309,6.147,8.456,1.132,0.588,0.897,1.441,2.809,15.103,26580000.000
191,Grayson Allen,PHO,SG,28,75,74,33.507,4.533,9.093,0.499,2.733,5.933,0.461,1.800,3.160,0.570,1.720,1.960,0.878,0.640,3.293,3.933,3.027,0.920,0.600,1.267,2.093,13.520,15625000.000
192,Aaron Gordon,DEN,PF,28,73,73,31.466,5.452,9.808,0.556,0.548,1.890,0.290,4.904,7.918,0.619,2.425,3.685,0.658,2.384,4.068,6.452,3.548,0.767,0.616,1.438,1.945,13.877,22841455.000
193,Buddy Hield,PHI,SF,31,84,42,25.714,4.417,10.119,0.436,2.607,6.762,0.386,1.810,3.357,0.539,0.619,0.702,0.881,0.726,2.476,3.202,2.810,0.833,0.500,1.226,2.012,12.060,8780488.000
194,Jonas Valančiūnas,NOP,C,31,82,82,23.476,4.902,8.768,0.559,0.451,1.463,0.308,4.451,7.305,0.609,1.963,2.500,0.785,2.268,6.524,8.793,2.110,0.390,0.829,1.354,2.659,12.220,9900000.000
195,Harrison Barnes,SAC,PF,31,82,82,29.037,4.232,8.927,0.474,1.817,4.695,0.387,2.415,4.232,0.571,1.915,2.390,0.801,0.817,2.220,3.037,1.207,0.659,0.146,0.707,1.195,12.195,18000000.000
196,Desmond Bane,MEM,SG,25,42,42,34.357,8.571,18.476,0.464,3.262,8.571,0.381,5.310,9.905,0.536,3.333,3.833,0.870,0.857,3.548,4.405,5.476,1.024,0.524,2.667,2.857,23.738,34005250.000
197,Brook Lopez,MIL,C,35,79,79,30.519,4.633,9.557,0.485,1.873,5.114,0.366,2.759,4.443,0.621,1.392,1.696,0.821,1.481,3.696,5.177,1.608,0.544,2.392,1.000,2.418,12.532,23000000.000
198,Josh Giddey,OKC,SG,21,80,80,25.138,5.025,10.588,0.475,1.025,3.038,0.337,4.000,7.550,0.530,1.250,1.550,0.806,1.388,5.038,6.425,4.825,0.638,0.550,2.100,1.388,12.325,8352367.000
199,Keyonte George,UTA,PG,20,75,44,26.973,4.253,10.867,0.391,1.960,5.867,0.334,2.293,5.000,0.459,2.520,2.973,0.848,0.200,2.613,2.813,4.427,0.480,0.093,2.507,1.213,12.987,4084200.000
200,Bradley Beal,PHO,SG,30,53,53,33.340,7.113,13.868,0.513,1.906,4.434,0.430,5.208,9.434,0.552,2.057,2.528,0.813,1.019,3.358,4.377,5.000,0.981,0.509,2.472,2.396,18.189,50203930.000
201,Caris LeVert,CLE,SG,29,68,10,28.794,5.074,12.059,0.421,1.588,4.882,0.325,3.485,7.176,0.486,2.265,2.956,0.766,0.574,3.544,4.118,5.088,1.118,0.500,1.721,1.779,14.000,16615384.000
202,Jalen Suggs,ORL,SG,22,75,75,27.000,4.480,9.520,0.471,2.040,5.133,0.397,2.440,4.387,0.556,1.573,2.080,0.756,0.640,2.413,3.053,2.733,1.413,0.627,1.760,2.733,12.573,9188385.000
203,Jordan Clarkson,UTA,SG,31,55,19,30.582,6.127,14.836,0.413,1.655,5.618,0.294,4.473,9.218,0.485,3.218,3.655,0.881,0.891,2.527,3.418,5.036,0.636,0.109,2.655,1.473,17.127,14092577.000
204,Andrew Wiggins,GSW,SF,28,71,59,27.042,4.972,10.986,0.453,1.282,3.577,0.358,3.690,7.408,0.498,2.000,2.662,0.751,1.521,3.000,4.521,1.676,0.592,0.577,1.225,2.070,13.225,26276786.000
205,P.J. Washington,DAL,PF,25,73,45,30.425,4.849,11.110,0.436,1.808,5.658,0.320,3.041,5.452,0.558,1.356,1.986,0.683,1.164,4.466,5.630,1.932,0.986,0.808,1.315,2.315,12.863,15500000.000
206,Cole Anthony,ORL,PG,23,81,0,22.432,4.099,9.420,0.435,1.148,3.395,0.338,2.951,6.025,0.490,2.222,2.691,0.826,0.790,3.049,3.840,2.914,0.790,0.457,1.556,2.160,11.568,12900000.000
207,Ayo Dosunmu,CHI,SG,24,76,37,29.105,4.737,9.461,0.501,1.566,3.882,0.403,3.171,5.579,0.568,1.118,1.382,0.810,0.711,2.132,2.842,3.184,0.895,0.474,1.355,2.184,12.158,7000000.000
208,Rui Hachimura,LAL,PF,25,68,39,26.853,5.338,9.941,0.537,1.441,3.412,0.422,3.897,6.529,0.597,1.456,1.971,0.739,0.853,3.471,4.324,1.191,0.603,0.368,0.676,1.485,13.574,17000000.000
209,Deandre Ayton,POR,C,25,55,55,32.436,7.764,13.618,0.570,0.018,0.182,0.100,7.745,13.436,0.576,1.182,1.436,0.823,3.200,7.873,11.073,1.636,1.018,0.764,1.800,1.982,16.727,34005126.000
210,Dillon Brooks,HOU,SF,28,72,72,30.931,4.569,10.667,0.428,1.847,5.139,0.359,2.722,5.528,0.492,1.722,2.042,0.844,0.736,2.681,3.417,1.653,0.889,0.139,1.222,3.347,12.708,22255493.000
211,Jalen Johnson,ATL,SF,22,56,52,33.732,6.411,12.536,0.511,1.268,3.571,0.355,5.143,8.964,0.574,1.911,2.625,0.728,1.321,7.393,8.714,3.625,1.196,0.839,1.804,2.375,16.000,4510905.000
212,De'Andre Hunter,ATL,SF,26,57,37,29.491,5.333,11.632,0.459,2.053,5.333,0.385,3.281,6.298,0.521,2.912,3.439,0.847,0.544,3.351,3.895,1.526,0.702,0.281,1.456,2.561,15.632,21696429.000
213,Malik Beasley,MIL,SG,27,79,77,29.582,4.051,9.139,0.443,2.835,6.861,0.413,1.215,2.278,0.533,0.316,0.443,0.714,0.519,3.152,3.671,1.367,0.747,0.114,0.684,2.000,11.253,6000000.000
214,Jaime Jaquez Jr.,MIA,SF,22,75,20,28.173,4.547,9.293,0.489,0.867,2.693,0.322,3.680,6.600,0.558,1.893,2.333,0.811,1.093,2.707,3.800,2.600,1.027,0.267,1.467,2.227,11.853,3685800.000
215,Aaron Nesmith,IND,SF,24,72,47,27.708,4.375,8.819,0.496,1.944,4.639,0.419,2.431,4.181,0.581,1.486,1.903,0.781,0.875,2.944,3.819,1.500,0.903,0.681,0.889,3.347,12.181,11000000.000
216,Tyler Herro,MIA,SG,24,42,40,33.500,7.714,17.500,0.441,3.143,7.929,0.396,4.571,9.571,0.478,2.262,2.643,0.856,0.452,4.833,5.286,4.476,0.714,0.071,2.214,1.500,20.833,29000000.000
217,Duncan Robinson,MIA,SF,29,68,36,28.015,4.471,9.926,0.450,2.750,6.956,0.395,1.721,2.971,0.579,1.176,1.324,0.889,0.221,2.324,2.544,2.824,0.676,0.235,1.397,2.397,12.868,19406000.000
218,Mike Conley,MIN,PG,36,76,76,28.855,3.868,8.474,0.457,2.355,5.329,0.442,1.513,3.145,0.481,1.342,1.474,0.911,0.487,2.382,2.868,5.908,1.158,0.224,1.342,1.684,11.434,9975962.000
219,Scoot Henderson,POR,PG,19,62,32,28.468,4.952,12.855,0.385,1.403,4.323,0.325,3.548,8.532,0.416,2.694,3.290,0.819,0.855,2.274,3.129,5.419,0.774,0.210,3.419,3.145,14.000,10259160.000
220,Moritz Wagner,ORL,C,26,80,1,17.688,4.150,6.900,0.601,0.475,1.438,0.330,3.675,5.462,0.673,2.075,2.550,0.814,1.462,2.875,4.338,1.200,0.488,0.262,1.212,2.000,10.850,11000000.000
221,Bojan Bogdanović,NYK,PF,34,57,27,25.930,5.421,11.947,0.454,2.333,5.860,0.398,3.088,6.088,0.507,2.053,2.614,0.785,0.386,2.281,2.667,1.702,0.526,0.088,1.772,1.667,15.228,19032850.000
222,Saddiq Bey,ATL,SF,24,63,51,32.730,4.603,11.063,0.416,1.794,5.683,0.316,2.810,5.381,0.522,2.698,3.222,0.837,2.651,3.873,6.524,1.460,0.810,0.175,0.857,1.397,13.698,6440678.000
223,Jeremy Sochan,SAS,PF,20,74,73,29.635,4.595,10.486,0.438,0.946,3.068,0.308,3.649,7.419,0.492,1.500,1.946,0.771,1.851,4.581,6.432,3.365,0.838,0.541,1.892,2.270,11.635,5570040.000
224,Luguentz Dort,OKC,SF,24,79,79,28.430,3.646,8.316,0.438,1.975,5.013,0.394,1.671,3.304,0.506,1.620,1.962,0.826,0.937,2.658,3.595,1.430,0.911,0.595,0.937,2.886,10.886,16500000.000
225,Jrue Holiday,BOS,PG,33,69,69,32.797,4.797,9.986,0.480,2.000,4.667,0.429,2.797,5.319,0.526,0.870,1.043,0.833,1.217,4.188,5.406,4.826,0.884,0.768,1.797,1.565,12.464,30000000.000
226,Bennedict Mathurin,IND,SF,21,59,19,26.068,5.017,11.237,0.446,1.356,3.627,0.374,3.661,7.610,0.481,3.119,3.797,0.821,1.017,2.949,3.966,2.017,0.593,0.237,1.644,1.983,14.508,7245720.000
227,Max Strus,CLE,SF,27,70,70,31.986,4.343,10.400,0.418,2.400,6.843,0.351,1.943,3.557,0.546,1.100,1.386,0.794,0.943,3.886,4.829,4.043,0.914,0.414,1.600,2.429,12.186,15212068.000
228,Obi Toppin,IND,PF,25,82,28,21.098,4.049,7.061,0.573,1.244,3.085,0.403,2.805,3.976,0.706,0.939,1.220,0.770,1.037,2.866,3.902,1.561,0.573,0.524,0.841,1.744,10.280,12975000.000
229,Trey Murphy III,NOP,SF,23,57,23,29.649,4.825,10.895,0.443,2.965,7.807,0.380,1.860,3.088,0.602,2.158,2.649,0.815,0.737,4.175,4.912,2.175,0.895,0.491,0.596,1.228,14.772,5159854.000
230,Nic Claxton,BRK,C,24,71,71,29.803,5.155,8.197,0.629,0.014,0.070,0.200,5.141,8.127,0.633,1.521,2.761,0.551,2.718,7.225,9.944,2.070,0.648,2.056,1.310,2.465,11.845,27556817.000
231,Jalen Duren,DET,C,20,61,60,29.131,5.721,9.246,0.619,0.000,0.066,0.000,5.721,9.180,0.623,2.344,2.967,0.790,3.148,8.475,11.623,2.410,0.541,0.770,2.115,3.148,13.787,4536840.000
232,Herbert Jones,NOP,SF,25,76,76,30.539,3.855,7.737,0.498,1.500,3.592,0.418,2.355,4.145,0.568,1.803,2.079,0.867,0.974,2.605,3.579,2.618,1.382,0.816,1.224,2.947,11.013,12976362.000
233,Clint Capela,ATL,C,29,73,73,25.795,4.836,8.466,0.571,0.000,0.014,0.000,4.836,8.452,0.572,1.781,2.822,0.631,4.589,6.041,10.630,1.247,0.589,1.452,1.014,2.247,11.452,22265280.000
234,Reggie Jackson,DEN,PG,33,82,23,22.159,3.976,9.220,0.431,1.244,3.463,0.359,2.732,5.756,0.475,0.963,1.195,0.806,0.402,1.488,1.890,3.756,0.537,0.159,1.293,1.817,10.159,2087519.000
235,Jusuf Nurkić,PHO,C,29,76,76,27.342,4.211,8.250,0.510,0.289,1.184,0.244,3.921,7.066,0.555,2.197,3.434,0.640,2.947,8.066,11.013,3.961,1.066,1.053,2.303,3.342,10.908,18125000.000
236,Khris Middleton,MIL,SF,32,55,55,27.036,5.764,11.691,0.493,1.709,4.491,0.381,4.055,7.200,0.563,1.818,2.182,0.833,0.727,3.945,4.673,5.309,0.927,0.273,2.309,2.564,15.055,31666667.000
237,Daniel Gafford,DAL,PF,25,74,66,24.527,4.703,6.486,0.725,0.000,0.000,,4.703,6.486,0.725,1.595,2.365,0.674,2.635,4.959,7.595,1.554,0.878,2.068,1.000,3.068,11.000,13394160.000
238,Ivica Zubac,LAC,C,26,68,68,26.382,4.956,7.632,0.649,0.000,0.000,,4.956,7.632,0.649,1.765,2.441,0.723,2.882,6.324,9.206,1.368,0.324,1.221,1.162,2.647,11.676,11743210.000
239,Payton Pritchard,BOS,PG,26,82,5,22.256,3.622,7.744,0.468,1.793,4.659,0.385,1.829,3.085,0.593,0.561,0.683,0.821,0.854,2.378,3.232,3.427,0.476,0.073,0.744,1.293,9.598,6696429.000
240,Evan Mobley,CLE,PF,22,50,50,30.640,6.400,11.040,0.580,0.440,1.180,0.373,5.960,9.860,0.604,2.460,3.420,0.719,2.220,7.140,9.360,3.200,0.900,1.440,1.800,2.680,15.700,11227657.000
241,Grant Williams,CHO,PF,25,76,43,28.026,3.632,7.961,0.456,1.658,4.421,0.375,1.974,3.539,0.558,1.395,1.842,0.757,1.132,3.053,4.184,2.289,0.579,0.513,1.434,2.974,10.316,13025250.000
242,Zach Collins,SAS,C,26,69,29,22.116,4.319,8.928,0.484,0.841,2.623,0.320,3.478,6.304,0.552,1.768,2.348,0.753,1.710,3.652,5.362,2.812,0.493,0.754,1.913,2.986,11.246,16741200.000
243,Cameron Johnson,BRK,PF,27,58,47,27.569,4.759,10.672,0.446,2.379,6.086,0.391,2.379,4.586,0.519,1.483,1.879,0.789,0.948,3.379,4.328,2.379,0.845,0.259,0.983,1.810,13.379,22500000.000
244,Tre Jones,SAS,PG,24,77,48,27.766,3.935,7.792,0.505,0.831,2.481,0.335,3.104,5.312,0.584,1.312,1.532,0.856,0.753,3.000,3.753,6.208,1.013,0.117,1.506,1.195,10.013,9104167.000
245,Georges Niang,CLE,PF,30,82,10,22.329,3.463,7.707,0.449,1.817,4.829,0.376,1.646,2.878,0.572,0.622,0.732,0.850,0.268,3.122,3.390,1.195,0.366,0.220,0.878,2.341,9.366,8500000.000
246,Kentavious Caldwell-Pope,DEN,SG,30,76,76,31.605,3.553,7.724,0.460,1.645,4.053,0.406,1.908,3.671,0.520,1.329,1.487,0.894,0.408,2.000,2.408,2.408,1.289,0.553,0.987,1.987,10.079,22757000.000
247,Kelly Olynyk,TOR,C,32,78,27,22.551,3.538,6.372,0.555,0.769,1.987,0.387,2.769,4.385,0.632,1.923,2.308,0.833,1.385,3.885,5.269,4.449,0.949,0.385,1.949,2.949,9.769,12804878.000
248,Josh Hart,NYK,SF,28,81,42,33.420,3.642,8.383,0.434,0.988,3.185,0.310,2.654,5.198,0.511,1.123,1.420,0.791,1.580,6.753,8.333,4.086,0.926,0.284,1.457,2.111,9.395,18144000.000
249,Jaden McDaniels,MIN,SF,23,72,71,29.236,4.264,8.722,0.489,1.194,3.542,0.337,3.069,5.181,0.592,0.792,1.097,0.722,0.778,2.333,3.111,1.403,0.875,0.583,1.208,3.042,10.514,23017242.000
250,Russell Westbrook,LAC,PG,35,68,11,22.485,4.426,9.750,0.454,0.618,2.265,0.273,3.809,7.485,0.509,1.618,2.353,0.688,1.368,3.676,5.044,4.500,1.088,0.338,2.118,1.779,11.088,4027525.000
251,Eric Gordon,PHO,SG,35,68,24,27.838,4.029,9.088,0.443,2.206,5.838,0.378,1.824,3.250,0.561,0.750,0.941,0.797,0.235,1.559,1.794,2.044,0.971,0.441,1.074,1.162,11.015,3303771.000
252,OG Anunoby,NYK,SF,26,50,50,34.040,5.640,11.540,0.489,2.040,5.340,0.382,3.600,6.200,0.581,1.340,1.780,0.753,0.940,3.220,4.160,2.140,1.360,0.720,1.620,2.380,14.660,36637932.000
253,T.J. McConnell,IND,PG,31,71,4,18.183,4.648,8.352,0.556,0.254,0.620,0.409,4.394,7.732,0.568,0.690,0.873,0.790,0.507,2.183,2.690,5.493,1.014,0.113,1.521,1.113,10.239,9300000.000
254,Bruce Brown,TOR,SG,27,67,44,27.851,4.149,8.687,0.478,0.791,2.448,0.323,3.358,6.239,0.538,1.746,2.119,0.824,0.791,3.448,4.239,2.866,0.881,0.254,1.284,2.209,10.836,23000000.000
255,Alex Caruso,CHI,SG,29,71,57,28.732,3.563,7.620,0.468,1.915,4.690,0.408,1.648,2.930,0.563,1.028,1.352,0.760,0.873,2.972,3.845,3.479,1.690,0.986,1.437,2.549,10.070,9890000.000
256,Sam Hauser,BOS,SF,26,79,13,22.038,3.152,7.063,0.446,2.494,5.886,0.424,0.658,1.177,0.559,0.215,0.241,0.895,0.570,2.924,3.494,1.038,0.506,0.316,0.405,1.253,9.013,2092344.000
257,GG Jackson II,MEM,PF,19,48,18,25.688,5.021,11.729,0.428,2.125,5.958,0.357,2.896,5.771,0.502,2.396,3.188,0.752,1.104,2.979,4.083,1.229,0.583,0.500,1.354,1.333,14.562,1891857.000
258,Taurean Prince,LAL,PF,29,78,49,27.026,3.244,7.333,0.442,1.808,4.564,0.396,1.436,2.769,0.519,0.641,0.872,0.735,0.269,2.679,2.949,1.526,0.744,0.449,0.936,1.872,8.936,2087519.000
259,Simone Fontecchio,DET,SF,28,66,43,24.909,3.818,8.303,0.460,2.030,5.061,0.401,1.788,3.242,0.551,0.818,1.000,0.818,0.970,2.758,3.727,1.530,0.667,0.348,1.030,1.667,10.485,7692308.000
260,Malaki Branham,SAS,PG,20,75,29,21.253,3.613,8.373,0.432,1.240,3.573,0.347,2.373,4.800,0.494,0.733,0.840,0.873,0.373,1.600,1.973,2.080,0.360,0.107,1.213,1.253,9.200,3217920.000
261,Alec Burks,NYK,SG,32,66,1,18.364,3.182,8.621,0.369,1.879,5.000,0.376,1.303,3.621,0.360,2.197,2.530,0.868,0.364,1.909,2.273,1.333,0.424,0.182,0.727,1.136,10.439,2087519.000
262,Brandin Podziemski,GSW,SG,20,74,28,26.595,3.662,8.068,0.454,1.216,3.162,0.385,2.446,4.905,0.499,0.676,1.068,0.633,1.595,4.176,5.770,3.689,0.824,0.189,1.189,1.649,9.216,3519960.000
263,Andre Drummond,CHI,C,30,79,10,17.101,3.380,6.076,0.556,0.000,0.038,0.000,3.380,6.038,0.560,1.633,2.759,0.592,3.354,5.608,8.962,0.468,0.924,0.608,1.025,1.772,8.392,5000000.000
264,Terance Mann,LAC,SG,27,75,71,24.973,3.387,6.573,0.515,0.947,2.720,0.348,2.440,3.853,0.633,1.053,1.267,0.832,1.160,2.227,3.387,1.587,0.573,0.200,0.640,1.933,8.773,11423077.000
265,Derrick Jones Jr.,DAL,SF,26,76,66,23.461,3.145,6.513,0.483,1.079,3.145,0.343,2.066,3.368,0.613,1.276,1.789,0.713,1.079,2.211,3.289,0.987,0.697,0.671,0.855,1.592,8.645,9523810.000
266,Nickeil Alexander-Walker,MIN,SG,25,82,20,23.427,2.878,6.561,0.439,1.598,4.085,0.391,1.280,2.476,0.517,0.634,0.793,0.800,0.427,1.610,2.037,2.488,0.780,0.512,0.927,1.744,7.988,4312500.000
267,Kevin Huerter,SAC,SG,25,64,59,24.406,3.875,8.750,0.443,1.922,5.328,0.361,1.953,3.422,0.571,0.562,0.734,0.766,0.594,2.906,3.500,2.594,0.703,0.359,0.828,2.109,10.234,16830357.000
268,Santi Aldama,MEM,PF,23,61,35,26.525,4.049,9.311,0.435,1.738,4.984,0.349,2.311,4.328,0.534,0.885,1.426,0.621,1.180,4.590,5.770,2.262,0.705,0.885,1.131,1.459,10.721,3960531.000
269,Nick Richards,CHO,C,26,67,51,26.254,3.881,5.612,0.691,0.000,0.015,0.000,3.881,5.597,0.693,1.970,2.672,0.737,2.567,5.478,8.045,0.806,0.388,1.104,1.090,2.627,9.731,5000000.000
270,Caleb Martin,MIA,SF,28,64,23,27.438,3.766,8.734,0.431,1.266,3.625,0.349,2.500,5.109,0.489,1.203,1.547,0.778,1.156,3.234,4.391,2.234,0.734,0.453,1.203,1.969,10.000,8149001.000
271,Jabari Walker,POR,SF,21,72,23,23.611,3.250,7.069,0.460,0.569,1.931,0.295,2.681,5.139,0.522,1.792,2.375,0.754,2.097,4.958,7.056,0.986,0.583,0.306,0.917,2.403,8.861,2019699.000
272,Isaiah Joe,OKC,SG,24,78,1,18.526,2.846,6.218,0.458,1.885,4.526,0.416,0.962,1.692,0.568,0.577,0.667,0.865,0.410,1.897,2.308,1.269,0.590,0.282,0.603,1.115,8.154,12991650.000
273,Andrew Nembhard,IND,PG,24,68,47,24.956,3.824,7.676,0.498,0.897,2.515,0.357,2.926,5.162,0.567,0.662,0.824,0.804,0.529,1.544,2.074,4.118,0.926,0.088,1.485,2.103,9.206,2019699.000
274,Duop Reath,POR,C,27,68,20,17.853,3.382,7.338,0.461,1.294,3.603,0.359,2.088,3.735,0.559,1.015,1.368,0.742,1.368,2.309,3.676,0.985,0.485,0.559,0.765,2.368,9.074,2048780.000
275,Malcolm Brogdon,POR,PG,31,39,25,28.744,5.590,12.718,0.440,2.103,5.103,0.412,3.487,7.615,0.458,2.436,2.974,0.819,0.718,3.077,3.795,5.487,0.692,0.205,1.538,1.487,15.718,22500000.000
276,Royce O'Neale,PHO,SF,30,79,14,24.734,2.709,6.823,0.397,1.975,5.342,0.370,0.734,1.481,0.496,0.304,0.443,0.686,0.759,4.013,4.772,2.772,0.747,0.557,0.924,2.203,7.696,9375000.000
277,Wendell Carter Jr.,ORL,C,24,55,48,25.564,4.055,7.727,0.525,1.164,3.109,0.374,2.891,4.618,0.626,1.691,2.436,0.694,2.036,4.891,6.927,1.727,0.636,0.509,1.236,2.200,10.964,11950000.000
278,Jalen Smith,IND,C,23,61,14,17.164,3.836,6.475,0.592,1.000,2.361,0.424,2.836,4.115,0.689,1.180,1.705,0.692,1.836,3.689,5.525,1.033,0.279,0.623,0.721,2.033,9.852,8571429.000
279,Christian Braun,DEN,SG,22,82,4,20.183,2.707,5.890,0.460,0.768,2.000,0.384,1.939,3.890,0.498,1.134,1.634,0.694,0.963,2.768,3.732,1.610,0.512,0.427,0.671,1.671,7.317,3089640.000
280,Paul Reed,PHI,C,24,82,24,19.390,3.159,5.854,0.540,0.256,0.695,0.368,2.902,5.159,0.563,0.744,1.037,0.718,2.354,3.598,5.951,1.329,0.817,1.024,0.817,2.415,7.317,7723000.000
281,Amen Thompson,HOU,SF,21,62,23,22.387,3.855,7.194,0.536,0.129,0.935,0.138,3.726,6.258,0.595,1.710,2.500,0.684,2.387,4.210,6.597,2.629,1.258,0.613,1.452,2.274,9.548,9249960.000
282,Marcus Sasser,DET,PG,23,71,11,19.028,3.085,7.211,0.428,1.268,3.380,0.375,1.817,3.831,0.474,0.817,0.930,0.879,0.155,1.606,1.761,3.324,0.620,0.169,1.268,1.451,8.254,2755080.000
283,Marvin Bagley III,WAS,C,24,50,25,21.060,4.780,8.160,0.586,0.180,0.460,0.391,4.600,7.700,0.597,1.920,2.520,0.762,2.600,3.640,6.240,1.100,0.400,0.660,1.180,1.620,11.660,12500000.000
284,Isaiah Hartenstein,NYK,C,25,75,49,25.280,3.133,4.867,0.644,0.013,0.040,0.333,3.120,4.827,0.646,1.480,2.093,0.707,3.253,5.093,8.347,2.507,1.160,1.133,1.240,2.800,7.760,30000000.000
285,Dorian Finney-Smith,BRK,PF,30,68,56,28.441,3.162,7.515,0.421,1.721,4.941,0.348,1.441,2.574,0.560,0.485,0.676,0.717,1.603,3.059,4.662,1.574,0.824,0.559,0.868,2.206,8.529,14924167.000
286,Cam Whitmore,HOU,SF,19,47,2,18.723,4.511,9.936,0.454,1.681,4.681,0.359,2.830,5.255,0.538,1.617,2.383,0.679,0.936,2.894,3.830,0.702,0.638,0.362,0.979,1.362,12.319,3379080.000
287,Cameron Payne,PHI,PG,29,78,10,16.718,2.667,6.167,0.432,1.333,3.423,0.390,1.333,2.744,0.486,0.744,0.859,0.866,0.269,1.231,1.500,2.628,0.538,0.141,0.846,1.615,7.410,2087519.000
288,Al Horford,BOS,C,37,65,33,26.769,3.292,6.446,0.511,1.662,3.969,0.419,1.631,2.477,0.658,0.400,0.462,0.867,1.262,5.092,6.354,2.585,0.585,0.954,0.738,1.431,8.646,9500000.000
289,Miles McBride,NYK,PG,23,68,14,19.529,3.015,6.676,0.452,1.603,3.912,0.410,1.412,2.765,0.511,0.632,0.735,0.860,0.456,1.015,1.471,1.676,0.735,0.103,0.441,1.588,8.265,4710144.000
290,Onyeka Okongwu,ATL,C,23,55,8,25.545,4.055,6.636,0.611,0.418,1.255,0.333,3.636,5.382,0.676,1.673,2.109,0.793,2.636,4.200,6.836,1.345,0.473,1.091,0.818,2.945,10.200,14000000.000
291,Cason Wallace,OKC,SG,20,82,13,20.634,2.646,5.390,0.491,1.195,2.854,0.419,1.451,2.537,0.572,0.354,0.451,0.784,0.634,1.646,2.280,1.463,0.927,0.451,0.549,1.573,6.841,5555880.000
292,Dalano Banton,POR,PG,24,54,9,19.389,3.741,9.259,0.404,1.093,3.685,0.296,2.648,5.574,0.475,1.741,2.222,0.783,0.759,2.537,3.296,2.352,0.611,0.370,1.426,1.185,10.315,2196970.000
293,Ausar Thompson,DET,SF,21,63,38,25.127,3.683,7.619,0.483,0.333,1.794,0.186,3.349,5.825,0.575,1.127,1.889,0.597,2.048,4.333,6.381,1.905,1.079,0.937,1.333,2.778,8.825,8376000.000
294,Jakob Poeltl,TOR,C,28,50,50,26.380,4.960,7.560,0.656,0.000,0.000,,4.960,7.560,0.656,1.180,2.140,0.551,2.920,5.660,8.580,2.540,0.700,1.520,1.540,2.980,11.100,19500000.000
295,Aaron Wiggins,OKC,SG,25,78,4,15.744,2.718,4.833,0.562,0.795,1.615,0.492,1.923,3.218,0.598,0.718,0.910,0.789,0.769,1.615,2.385,1.103,0.718,0.244,0.718,1.167,6.949,10514017.000
296,Trayce Jackson-Davis,GSW,PF,23,68,16,16.618,3.426,4.882,0.702,0.000,0.015,0.000,3.426,4.868,0.704,1.088,1.941,0.561,1.985,3.029,5.015,1.206,0.426,1.118,0.721,1.588,7.941,1891857.000
297,Moses Moody,GSW,SG,21,66,9,17.515,2.939,6.364,0.462,1.091,3.030,0.360,1.848,3.333,0.555,1.106,1.409,0.785,0.985,1.985,2.970,0.864,0.636,0.364,0.667,1.364,8.076,5803269.000
298,Chris Paul,GSW,PG,38,58,18,26.397,3.552,8.052,0.441,1.345,3.621,0.371,2.207,4.431,0.498,0.741,0.897,0.827,0.310,3.569,3.879,6.776,1.207,0.103,1.310,1.862,9.190,10460000.000
299,Bilal Coulibaly,WAS,SF,19,63,15,27.222,2.984,6.857,0.435,1.016,2.937,0.346,1.968,3.921,0.502,1.460,2.079,0.702,0.889,3.175,4.063,1.746,0.905,0.762,1.381,2.175,8.444,6945240.000
300,Peyton Watson,DEN,SF,21,80,4,18.600,2.600,5.588,0.465,0.562,1.900,0.296,2.038,3.688,0.553,0.888,1.325,0.670,0.700,2.525,3.225,1.075,0.525,1.100,0.725,1.788,6.650,2413560.000
301,Jaden Hardy,DAL,SG,21,73,7,13.548,2.671,6.562,0.407,1.110,3.068,0.362,1.562,3.493,0.447,0.808,1.041,0.776,0.274,1.521,1.795,1.493,0.301,0.055,0.849,1.096,7.260,2019699.000
302,Toumani Camara,POR,PF,23,70,49,24.843,2.814,6.257,0.450,0.829,2.457,0.337,1.986,3.800,0.523,1.071,1.414,0.758,1.986,2.914,4.900,1.243,0.943,0.471,1.200,2.486,7.529,1891857.000
303,LaMelo Ball,CHO,PG,22,22,22,32.318,8.318,19.227,0.433,3.182,8.955,0.355,5.136,10.273,0.500,4.091,4.727,0.865,1.318,3.818,5.136,8.000,1.818,0.182,3.773,3.591,23.909,35147000.000
304,Jordan Hawkins,NOP,SG,21,67,10,17.313,2.597,6.806,0.382,1.627,4.448,0.366,0.970,2.358,0.411,1.000,1.194,0.838,0.433,1.776,2.209,1.045,0.284,0.104,0.597,1.075,7.821,4525680.000
305,Vince Williams Jr.,MEM,SG,23,52,33,27.615,3.250,7.288,0.446,1.519,4.019,0.378,1.731,3.269,0.529,2.000,2.500,0.800,1.135,4.442,5.577,3.365,0.904,0.654,1.769,2.596,10.019,2120693.000
306,Walker Kessler,UTA,C,22,64,22,23.328,3.578,5.469,0.654,0.062,0.297,0.211,3.516,5.172,0.680,0.875,1.453,0.602,2.578,4.938,7.516,0.938,0.469,2.406,1.031,2.062,8.094,2965920.000
307,Dario Šarić,GSW,C,29,64,9,17.156,2.828,6.062,0.466,1.156,3.078,0.376,1.672,2.984,0.560,1.234,1.453,0.849,1.141,3.281,4.422,2.250,0.484,0.156,1.219,1.750,8.047,5168000.000
308,Aaron Holiday,HOU,PG,27,78,1,16.269,2.385,5.346,0.446,1.077,2.782,0.387,1.308,2.564,0.510,0.744,0.808,0.921,0.295,1.282,1.577,1.795,0.538,0.077,0.679,1.603,6.590,4668000.000
309,Gradey Dick,TOR,SG,20,60,17,21.133,3.150,7.417,0.425,1.467,4.017,0.365,1.683,3.400,0.495,0.733,0.850,0.863,0.450,1.750,2.200,1.133,0.567,0.033,0.833,1.450,8.500,4763760.000
310,Shaedon Sharpe,POR,SG,20,32,25,33.094,5.500,13.562,0.406,1.875,5.625,0.333,3.625,7.938,0.457,3.062,3.719,0.824,1.312,3.688,5.000,2.938,0.875,0.375,2.250,2.750,15.938,6614160.000
311,Jeff Green,HOU,PF,37,78,6,16.756,2.141,4.692,0.456,0.679,2.051,0.331,1.462,2.641,0.553,1.564,1.910,0.819,0.590,1.692,2.282,0.897,0.205,0.397,0.590,1.282,6.526,9600000.000
312,Kyle Anderson,MIN,PF,30,79,10,22.557,2.519,5.481,0.460,0.139,0.608,0.229,2.380,4.873,0.488,1.228,1.734,0.708,0.759,2.696,3.456,4.190,0.899,0.595,1.152,1.620,6.405,8780488.000
313,Julian Champagnie,SAS,SF,22,74,59,19.838,2.216,5.432,0.408,1.365,3.743,0.365,0.851,1.689,0.504,1.014,1.243,0.815,0.568,2.216,2.784,1.392,0.649,0.568,0.770,1.041,6.811,3000000.000
314,Isaiah Stewart,DET,PF,22,46,45,30.935,4.043,8.304,0.487,1.457,3.804,0.383,2.587,4.500,0.575,1.391,1.848,0.753,1.609,5.022,6.630,1.587,0.370,0.826,1.435,2.152,10.935,15000000.000
315,Zach LaVine,CHI,SG,28,25,23,34.880,6.800,15.040,0.452,2.360,6.760,0.349,4.440,8.280,0.536,3.520,4.120,0.854,0.320,4.840,5.160,3.920,0.840,0.320,2.080,2.280,19.480,43031940.000
316,Kyle Lowry,PHI,PG,37,60,55,28.167,2.717,6.283,0.432,1.633,4.167,0.392,1.083,2.117,0.512,1.050,1.250,0.840,0.567,2.667,3.233,4.217,0.983,0.350,1.417,2.433,8.117,2087519.000
317,Kevin Love,MIA,PF,35,55,5,16.800,2.873,6.527,0.440,1.527,4.436,0.344,1.345,2.091,0.643,1.545,1.964,0.787,1.073,5.073,6.145,2.091,0.327,0.182,0.873,1.764,8.818,3850000.000
318,Sam Merrill,CLE,SG,27,61,1,17.525,2.590,6.443,0.402,2.344,5.803,0.404,0.246,0.639,0.385,0.426,0.459,0.929,0.361,1.607,1.967,1.770,0.311,0.066,0.311,1.180,7.951,2164993.000
319,Dereck Lively II,DAL,C,19,55,42,23.527,4.018,5.382,0.747,0.000,0.036,0.000,4.018,5.345,0.752,0.745,1.473,0.506,2.455,4.418,6.873,1.091,0.655,1.400,0.909,2.618,8.782,5014560.000
320,Draymond Green,GSW,PF,33,55,52,27.091,3.364,6.764,0.497,0.927,2.345,0.395,2.436,4.418,0.551,0.982,1.345,0.730,1.382,5.855,7.236,6.036,1.000,0.855,2.455,3.018,8.636,24107143.000
321,Josh Green,DAL,SG,23,57,33,26.404,3.140,6.561,0.479,1.263,3.281,0.385,1.877,3.281,0.572,0.684,1.000,0.684,0.702,2.526,3.228,2.281,0.825,0.158,1.053,1.877,8.228,12654321.000
322,Naji Marshall,NOP,SF,26,66,1,19.045,2.576,5.561,0.463,0.879,2.273,0.387,1.697,3.288,0.516,1.030,1.303,0.791,0.803,2.833,3.636,1.939,0.742,0.182,0.985,1.379,7.061,8571429.000
323,Amir Coffey,LAC,SF,26,70,13,20.857,2.371,5.029,0.472,1.000,2.629,0.380,1.371,2.400,0.571,0.871,1.014,0.859,0.414,1.700,2.114,1.086,0.586,0.200,0.471,1.457,6.614,3938271.000
324,Ochai Agbaji,TOR,SG,23,78,28,21.038,2.282,5.551,0.411,0.795,2.705,0.294,1.487,2.846,0.523,0.474,0.718,0.661,0.949,1.821,2.769,1.064,0.603,0.564,0.821,1.500,5.833,4310280.000
325,James Wiseman,DET,C,22,63,6,17.317,2.968,4.841,0.613,0.000,0.032,0.000,2.968,4.810,0.617,1.143,1.619,0.706,1.746,3.587,5.333,0.857,0.190,0.619,1.048,2.238,7.079,2237691.000
326,Trendon Watford,BRK,PF,23,63,2,13.587,2.603,4.937,0.527,0.429,1.079,0.397,2.175,3.857,0.564,1.222,1.540,0.794,0.825,2.254,3.079,1.286,0.365,0.302,1.000,1.683,6.857,2726603.000
327,Luke Kennard,MEM,SG,27,39,22,25.615,3.615,8.077,0.448,2.744,6.103,0.450,0.872,1.974,0.442,1.026,1.154,0.889,0.282,2.615,2.897,3.487,0.513,0.051,1.385,1.000,11.000,14763636.000
328,Patrick Williams,CHI,PF,22,43,30,27.302,3.698,8.349,0.443,1.372,3.442,0.399,2.326,4.907,0.474,1.209,1.535,0.788,1.070,2.791,3.860,1.535,0.930,0.767,1.326,2.023,9.977,18000000.000
329,Pat Connaughton,MIL,SF,31,76,3,22.053,1.987,4.566,0.435,1.079,3.132,0.345,0.908,1.434,0.633,0.579,0.763,0.759,0.671,2.474,3.145,2.118,0.526,0.250,0.645,1.303,5.632,9423869.000
330,Dante Exum,DAL,PG,28,55,17,19.782,2.927,5.491,0.533,0.964,1.964,0.491,1.964,3.527,0.557,0.964,1.236,0.779,0.455,2.255,2.709,2.855,0.400,0.091,0.891,1.545,7.782,3150000.000
331,Josh Richardson,MIA,SG,30,43,6,25.651,3.581,8.070,0.444,1.535,4.419,0.347,2.047,3.651,0.561,1.186,1.256,0.944,0.419,2.395,2.814,2.442,0.558,0.326,0.837,1.767,9.884,3051153.000
332,David Roddy,PHO,PF,22,65,13,18.108,2.538,6.292,0.403,0.738,2.523,0.293,1.800,3.769,0.478,0.723,1.046,0.691,0.815,2.431,3.246,1.231,0.415,0.169,0.877,1.108,6.538,2847240.000
333,Vasilije Micić,CHO,PG,30,60,21,19.600,2.650,6.167,0.430,0.717,2.567,0.279,1.933,3.600,0.537,1.017,1.250,0.813,0.233,1.233,1.467,4.367,0.517,0.117,1.650,1.133,7.033,7723000.000
334,De'Anthony Melton,PHI,SG,25,38,33,26.921,3.658,9.474,0.386,2.026,5.632,0.360,1.632,3.842,0.425,1.737,2.079,0.835,0.737,2.974,3.711,3.000,1.579,0.421,1.026,2.211,11.079,12822000.000
335,Ziaire Williams,MEM,SF,22,51,15,20.353,2.941,7.412,0.397,1.137,3.706,0.307,1.804,3.706,0.487,1.216,1.471,0.827,0.686,2.843,3.529,1.471,0.706,0.176,1.294,1.667,8.235,6133005.000
336,Trey Lyles,SAC,PF,28,58,0,19.966,2.466,5.534,0.445,1.448,3.776,0.384,1.017,1.759,0.578,0.845,1.207,0.700,1.052,3.379,4.431,1.241,0.293,0.328,0.655,1.483,7.224,8000000.000
337,Day'Ron Sharpe,BRK,C,22,61,1,15.098,2.754,4.820,0.571,0.066,0.246,0.267,2.689,4.574,0.588,1.230,2.016,0.610,2.639,3.738,6.377,1.393,0.393,0.721,1.148,2.148,6.803,3989122.000
338,Haywood Highsmith,MIA,PF,27,66,26,20.697,2.318,4.985,0.465,1.152,2.909,0.396,1.167,2.076,0.562,0.348,0.545,0.639,0.985,2.197,3.182,1.061,0.803,0.455,0.515,1.773,6.136,5200000.000
339,Jose Alvarado,NOP,PG,25,56,0,18.357,2.536,6.161,0.412,1.393,3.696,0.377,1.143,2.464,0.464,0.625,0.929,0.673,0.446,1.839,2.286,2.089,1.054,0.268,0.714,1.589,7.089,1988598.000
340,Jonathan Isaac,ORL,PF,26,58,2,15.759,2.517,4.931,0.510,0.724,1.931,0.375,1.793,3.000,0.598,1.017,1.414,0.720,1.259,3.224,4.483,0.517,0.741,1.207,0.466,1.103,6.776,25000000.000
341,Isaiah Jackson,IND,C,22,59,3,13.068,2.627,3.949,0.665,0.000,0.068,0.000,2.627,3.881,0.677,1.237,1.729,0.716,1.593,2.441,4.034,0.847,0.576,1.034,0.661,2.322,6.492,4435381.000
342,Tre Mann,CHO,PG,22,41,28,24.073,3.537,7.707,0.459,1.146,3.073,0.373,2.390,4.634,0.516,1.098,1.439,0.763,0.488,3.146,3.634,4.024,1.244,0.073,1.585,1.171,9.317,4908373.000
343,Jake LaRavia,MEM,PF,22,35,6,23.029,3.371,8.657,0.389,1.514,4.457,0.340,1.857,4.200,0.442,2.571,3.114,0.826,1.457,2.200,3.657,1.657,0.829,0.343,1.286,1.971,10.829,3352680.000
344,Davion Mitchell,SAC,PG,25,72,4,15.292,2.028,4.486,0.452,0.792,2.194,0.361,1.236,2.292,0.539,0.417,0.583,0.714,0.264,1.056,1.319,1.861,0.236,0.042,0.597,1.181,5.264,6451077.000
345,Kris Murray,POR,SF,23,62,29,21.742,2.339,5.903,0.396,0.790,2.952,0.268,1.548,2.952,0.525,0.597,0.903,0.661,1.371,2.242,3.613,1.290,0.855,0.339,0.887,1.484,6.065,2990040.000
346,Daniel Theis,LAC,C,31,60,3,16.917,2.600,4.883,0.532,0.433,1.183,0.366,2.167,3.700,0.586,0.633,0.833,0.760,1.417,2.650,4.067,1.017,0.350,0.850,0.700,2.117,6.267,2087519.000
347,Gary Harris,ORL,SG,29,54,27,24.019,2.426,5.500,0.441,1.407,3.796,0.371,1.019,1.704,0.598,0.630,0.833,0.756,0.444,1.241,1.685,1.611,0.907,0.259,0.574,1.685,6.889,7500000.000
348,Jordan Goodwin,MEM,PG,25,57,12,18.509,2.474,6.702,0.369,0.737,2.474,0.298,1.737,4.228,0.411,0.772,1.035,0.746,1.544,2.895,4.439,2.719,0.842,0.316,0.982,1.333,6.456,325590.000
349,Quentin Grimes,DET,SG,23,51,18,20.098,2.392,6.431,0.372,1.588,4.706,0.338,0.804,1.725,0.466,0.667,0.882,0.756,0.294,1.667,1.961,1.294,0.686,0.137,0.549,1.471,7.039,4296682.000
350,Jevon Carter,CHI,PG,28,72,0,13.944,1.917,5.069,0.378,1.069,3.250,0.329,0.847,1.819,0.466,0.056,0.097,0.571,0.153,0.681,0.833,1.306,0.514,0.222,0.500,0.986,4.958,6500000.000
351,Dyson Daniels,NOP,PG,20,61,16,22.262,2.279,5.098,0.447,0.689,2.213,0.311,1.590,2.885,0.551,0.557,0.869,0.642,1.016,2.852,3.869,2.689,1.393,0.410,0.967,1.656,5.803,6059520.000
352,Matisse Thybulle,POR,SF,26,65,19,22.877,1.938,4.877,0.397,1.231,3.554,0.346,0.708,1.323,0.535,0.338,0.446,0.759,0.462,1.631,2.092,1.385,1.738,0.754,0.615,1.431,5.446,11025000.000
353,Nikola Jović,MIA,PF,20,46,38,19.478,2.761,6.109,0.452,1.413,3.543,0.399,1.348,2.565,0.525,0.717,1.022,0.702,0.543,3.630,4.174,1.957,0.543,0.304,0.913,1.783,7.652,2464200.000
354,Larry Nance Jr.,NOP,C,31,61,0,19.934,2.262,3.951,0.573,0.443,1.066,0.415,1.820,2.885,0.631,0.770,1.000,0.770,1.541,3.492,5.033,1.852,1.000,0.311,0.803,1.607,5.738,11205000.000
355,Christian Wood,LAL,PF,28,50,1,17.440,2.460,5.280,0.466,0.700,2.280,0.307,1.760,3.000,0.587,1.320,1.880,0.702,0.780,4.300,5.080,0.980,0.320,0.660,1.000,1.440,6.940,3036040.000
356,Luke Kornet,BOS,C,28,63,7,15.603,2.254,3.222,0.700,0.016,0.016,1.000,2.238,3.206,0.698,0.778,0.857,0.907,1.873,2.270,4.143,1.063,0.365,0.968,0.333,1.222,5.302,2087519.000
357,Kevon Looney,GSW,C,27,74,36,16.149,1.878,3.149,0.597,0.000,0.014,0.000,1.878,3.135,0.599,0.757,1.122,0.675,1.932,3.730,5.662,1.797,0.378,0.392,0.676,2.095,4.514,8000000.000
358,Garrison Mathews,ATL,SG,27,66,5,15.030,1.561,3.424,0.456,1.288,2.924,0.440,0.273,0.500,0.545,0.515,0.636,0.810,0.258,1.136,1.394,0.561,0.303,0.121,0.288,1.742,4.924,2230253.000
359,Kenrich Williams,OKC,PF,29,69,1,14.913,1.899,4.058,0.468,0.812,2.043,0.397,1.087,2.014,0.540,0.101,0.203,0.500,0.884,2.145,3.029,1.348,0.551,0.130,0.464,1.464,4.710,6669000.000
360,Chris Boucher,TOR,PF,31,50,0,14.100,2.200,4.340,0.507,0.620,1.880,0.330,1.580,2.460,0.642,1.420,1.840,0.772,1.240,2.900,4.140,0.460,0.280,0.480,0.560,1.360,6.440,10810000.000
361,Nicolas Batum,PHI,PF,35,60,38,25.483,1.933,4.267,0.453,1.217,3.083,0.395,0.717,1.183,0.606,0.250,0.350,0.714,1.167,2.967,4.133,2.133,0.800,0.633,0.667,1.817,5.333,4668000.000
362,Anthony Black,ORL,PG,20,69,33,16.870,1.667,3.580,0.466,0.536,1.362,0.394,1.130,2.217,0.510,0.710,1.159,0.613,0.478,1.536,2.014,1.319,0.507,0.304,0.812,1.594,4.580,7607760.000
363,Goga Bitadze,ORL,C,24,62,33,15.435,2.032,3.371,0.603,0.032,0.226,0.143,2.000,3.145,0.636,0.919,1.403,0.655,1.758,2.855,4.613,1.274,0.516,1.161,0.710,1.726,5.016,9057971.000
364,Keon Ellis,SAC,SG,24,57,21,17.158,1.877,4.070,0.461,1.228,2.947,0.417,0.649,1.123,0.578,0.456,0.614,0.743,0.561,1.614,2.175,1.491,0.895,0.509,0.649,1.965,5.439,2120693.000
365,Torrey Craig,CHI,SF,33,53,14,19.792,2.038,4.736,0.430,1.132,2.887,0.392,0.906,1.849,0.490,0.509,0.679,0.750,1.302,2.792,4.094,1.094,0.566,0.396,0.604,2.075,5.717,2845342.000
366,Jaxson Hayes,LAL,C,23,70,5,12.529,1.800,2.500,0.720,0.000,0.114,0.000,1.800,2.386,0.754,0.729,1.171,0.622,0.986,2.029,3.014,0.471,0.486,0.414,0.614,1.757,4.329,2463946.000
367,Nick Smith Jr.,CHO,SG,19,51,0,14.294,2.216,5.667,0.391,1.235,2.863,0.432,0.980,2.804,0.350,0.255,0.294,0.867,0.353,1.059,1.412,1.157,0.196,0.137,0.765,1.078,5.922,2587200.000
368,Joe Ingles,ORL,SF,36,68,0,17.191,1.456,3.338,0.436,1.029,2.368,0.435,0.426,0.971,0.439,0.412,0.500,0.824,0.265,1.824,2.088,2.985,0.632,0.074,0.985,1.294,4.353,2087519.000
369,Dean Wade,CLE,PF,27,54,32,20.519,1.778,4.296,0.414,1.463,3.741,0.391,0.315,0.556,0.567,0.370,0.481,0.769,0.685,3.352,4.037,0.796,0.741,0.463,0.370,1.722,5.389,6166667.000
370,Dāvis Bertāns,CHO,PF,31,43,1,15.674,2.140,5.442,0.393,1.767,4.651,0.380,0.372,0.791,0.471,0.698,0.767,0.909,0.209,1.209,1.419,0.814,0.605,0.279,0.419,1.302,6.744,5250000.000
371,Marcus Smart,MEM,PG,29,20,20,30.250,5.100,11.850,0.430,2.100,6.700,0.313,3.000,5.150,0.583,2.150,2.800,0.768,0.300,2.350,2.650,4.300,2.050,0.250,3.100,2.650,14.450,20210284.000
372,Craig Porter Jr.,CLE,PG,23,51,6,12.725,2.275,4.471,0.509,0.235,0.667,0.353,2.039,3.804,0.536,0.804,1.098,0.732,0.412,1.725,2.137,2.314,0.412,0.294,0.882,0.784,5.588,1891857.000
373,Max Christie,LAL,SG,20,67,7,14.090,1.537,3.597,0.427,0.627,1.761,0.356,0.910,1.836,0.496,0.537,0.687,0.783,0.224,1.896,2.119,0.896,0.299,0.254,0.522,0.851,4.239,7142857.000
374,Xavier Tillman Sr.,BOS,PF,25,54,15,18.037,2.241,5.167,0.434,0.370,1.500,0.247,1.870,3.667,0.510,0.407,0.926,0.440,1.296,2.611,3.907,1.426,0.944,0.815,0.630,1.389,5.259,2237691.000
375,Josh Okogie,PHO,SG,25,60,11,16.000,1.433,3.433,0.417,0.483,1.567,0.309,0.950,1.867,0.509,1.267,1.700,0.745,1.233,1.333,2.567,1.067,0.800,0.400,0.600,1.133,4.617,8250000.000
376,Jaylin Williams,OKC,C,21,69,1,13.000,1.377,3.304,0.417,0.768,2.087,0.368,0.609,1.217,0.500,0.478,0.594,0.805,0.522,2.870,3.391,1.594,0.406,0.391,0.493,1.420,4.000,2019699.000
377,Jock Landale,HOU,C,28,56,3,13.625,1.893,3.679,0.515,0.179,0.714,0.250,1.714,2.964,0.578,0.929,1.161,0.800,1.571,1.500,3.071,1.161,0.357,0.589,0.554,1.321,4.893,8000000.000
378,Blake Wesley,SAS,SG,20,61,3,14.361,1.672,3.525,0.474,0.197,0.902,0.218,1.475,2.623,0.563,0.852,1.279,0.667,0.295,1.246,1.541,2.721,0.475,0.148,0.902,1.459,4.393,2624280.000
379,Jae'Sean Tate,HOU,SF,28,65,9,15.862,1.662,3.523,0.472,0.354,1.185,0.299,1.308,2.338,0.559,0.400,0.600,0.667,0.938,2.092,3.031,0.985,0.646,0.231,0.569,2.108,4.077,7065217.000
380,Cam Reddish,LAL,SF,24,48,26,20.500,1.896,4.875,0.389,0.771,2.292,0.336,1.125,2.583,0.435,0.854,1.125,0.759,0.562,1.500,2.062,1.000,0.979,0.292,0.646,1.333,5.417,2463946.000
381,Bones Hyland,LAC,PG,23,37,5,14.595,2.622,6.784,0.386,1.189,3.649,0.326,1.432,3.135,0.457,0.486,0.622,0.783,0.135,1.351,1.486,2.514,0.703,0.108,1.189,1.378,6.919,4158439.000
382,Mo Bamba,PHI,C,25,57,17,12.982,1.702,3.474,0.490,0.439,1.123,0.391,1.263,2.351,0.537,0.596,0.877,0.680,1.351,2.825,4.175,0.719,0.386,1.053,0.684,1.772,4.439,2087519.000
383,Caleb Houstan,ORL,SF,21,59,13,13.814,1.356,3.492,0.388,1.220,3.271,0.373,0.136,0.220,0.615,0.356,0.441,0.808,0.475,0.949,1.424,0.492,0.254,0.068,0.271,1.034,4.288,2019699.000
384,A.J. Green,MIL,SG,24,56,0,10.964,1.482,3.500,0.423,1.232,3.018,0.408,0.250,0.482,0.519,0.304,0.339,0.895,0.161,0.982,1.143,0.536,0.161,0.071,0.214,0.875,4.500,2120693.000
385,Ben Sheppard,IND,SG,22,57,1,14.281,1.579,4.018,0.393,0.860,2.737,0.314,0.719,1.281,0.562,0.404,0.456,0.885,0.263,1.298,1.561,0.930,0.579,0.035,0.263,1.544,4.421,2663880.000
386,Jared Butler,WAS,SG,23,40,0,14.150,2.450,5.025,0.488,0.600,1.950,0.308,1.850,3.075,0.602,0.775,0.900,0.861,0.225,1.225,1.450,3.150,0.725,0.200,1.250,1.450,6.275,2196970.000
387,Mason Plumlee,LAC,C,33,46,11,14.652,1.891,3.326,0.569,0.000,0.130,0.000,1.891,3.196,0.592,1.522,2.152,0.707,1.304,3.783,5.087,1.196,0.304,0.370,0.783,1.478,5.304,2087519.000
388,Mark Williams,CHO,C,22,19,19,26.737,5.158,7.947,0.649,0.000,0.000,,5.158,7.947,0.649,2.421,3.368,0.719,4.000,5.684,9.684,1.158,0.842,1.053,0.895,2.632,12.737,4094280.000
389,Brice Sensabaugh,UTA,SF,20,32,11,18.250,2.656,6.812,0.390,1.062,3.594,0.296,1.594,3.219,0.495,1.156,1.281,0.902,0.500,2.688,3.188,1.719,0.406,0.188,1.469,1.344,7.531,2571480.000
390,Gary Payton II,GSW,SG,31,44,0,15.455,2.341,4.159,0.563,0.455,1.250,0.364,1.886,2.909,0.648,0.318,0.523,0.609,1.045,1.523,2.568,1.091,0.886,0.409,0.614,1.750,5.455,9130000.000
391,John Konchar,MEM,SF,27,55,23,21.327,1.600,3.782,0.423,0.691,2.182,0.317,0.909,1.600,0.568,0.382,0.455,0.840,1.309,3.364,4.673,2.000,0.927,0.927,0.836,1.382,4.273,6165000.000
392,Chris Duarte,SAC,SF,26,59,11,12.186,1.356,3.559,0.381,0.746,2.153,0.346,0.610,1.407,0.434,0.441,0.559,0.788,0.441,1.356,1.797,0.746,0.475,0.136,0.441,1.356,3.898,5893768.000
393,Julian Strawther,DEN,SF,21,50,0,10.900,1.640,4.440,0.369,0.820,2.760,0.297,0.820,1.680,0.488,0.440,0.620,0.710,0.100,1.120,1.220,0.940,0.340,0.140,0.460,1.080,4.540,2552520.000
394,Ja Morant,MEM,PG,24,9,9,35.333,8.889,18.889,0.471,1.556,5.667,0.275,7.333,13.222,0.555,5.778,7.111,0.813,0.667,4.889,5.556,8.111,0.778,0.556,3.000,2.111,25.111,36725670.000
395,Seth Curry,CHO,SG,33,44,4,14.000,1.818,4.636,0.392,0.864,2.455,0.352,0.955,2.182,0.438,0.636,0.705,0.903,0.409,1.136,1.545,1.000,0.500,0.136,0.477,0.886,5.136,2087519.000
396,KJ Martin,PHI,SF,23,60,2,12.433,1.617,3.017,0.536,0.133,0.467,0.286,1.483,2.550,0.582,0.367,0.683,0.537,0.683,1.500,2.183,0.850,0.367,0.200,0.533,1.667,3.733,7975000.000
397,Thomas Bryant,MIA,C,26,38,4,11.605,2.263,3.921,0.577,0.105,0.579,0.182,2.158,3.342,0.646,1.079,1.237,0.872,1.053,2.658,3.711,0.605,0.263,0.421,0.553,1.211,5.711,2087519.000
398,Shake Milton,NYK,SG,27,48,0,12.104,1.646,4.062,0.405,0.375,1.333,0.281,1.271,2.729,0.466,0.833,1.021,0.816,0.292,1.271,1.562,1.250,0.396,0.125,0.646,1.125,4.500,2875000.000
399,Tari Eason,HOU,PF,22,22,0,21.818,4.000,8.591,0.466,0.818,2.273,0.360,3.182,6.318,0.504,0.955,1.500,0.636,2.091,4.864,6.955,1.227,1.409,0.864,0.909,2.318,9.773,3695160.000
400,Jalen Wilson,BRK,PF,23,43,3,15.442,1.767,4.163,0.425,0.558,1.721,0.324,1.209,2.442,0.495,0.884,1.070,0.826,1.093,1.953,3.047,1.047,0.256,0.093,0.442,1.116,4.977,1891857.000
401,MarJon Beauchamp,MIL,SF,23,48,1,12.667,1.688,3.458,0.488,0.625,1.562,0.400,1.062,1.896,0.560,0.396,0.583,0.679,0.458,1.604,2.062,0.646,0.271,0.146,0.562,1.125,4.396,2733720.000
402,Cody Martin,CHO,SF,28,28,22,26.893,2.929,7.679,0.381,0.964,3.071,0.314,1.964,4.607,0.426,0.714,1.179,0.606,0.679,3.214,3.893,3.714,1.143,0.643,1.571,1.714,7.536,8120000.000
403,Delon Wright,MIA,PG,31,47,1,15.787,1.574,4.000,0.394,0.532,1.447,0.368,1.043,2.553,0.408,0.787,0.957,0.822,0.404,1.426,1.830,2.532,1.149,0.234,0.298,0.681,4.468,2087519.000
404,Dwight Powell,DAL,C,32,63,9,13.270,1.143,1.683,0.679,0.016,0.048,0.333,1.127,1.635,0.689,1.000,1.413,0.708,1.540,1.857,3.397,1.333,0.413,0.317,0.508,1.794,3.302,4000000.000
405,Oshae Brissett,BOS,SF,25,55,1,11.455,1.236,2.782,0.444,0.273,1.000,0.273,0.964,1.782,0.541,0.909,1.509,0.602,1.109,1.800,2.909,0.800,0.345,0.145,0.364,0.982,3.655,2463946.000
406,Richaun Holmes,WAS,C,30,40,10,13.875,2.050,3.675,0.558,0.025,0.075,0.333,2.025,3.600,0.563,0.850,1.175,0.723,1.775,2.775,4.550,0.625,0.275,0.475,0.600,1.850,4.975,12648321.000
407,Keita Bates-Diop,BRK,SF,28,53,8,12.547,1.358,3.132,0.434,0.396,1.302,0.304,0.962,1.830,0.526,0.604,0.792,0.762,0.585,1.491,2.075,0.717,0.472,0.415,0.283,0.660,3.717,2654644.000
408,Jordan McLaughlin,MIN,PG,27,56,0,11.179,1.250,2.589,0.483,0.750,1.589,0.472,0.500,1.000,0.500,0.232,0.321,0.722,0.321,0.964,1.286,1.964,0.625,0.125,0.339,0.554,3.482,2087519.000
409,Maxi Kleber,DAL,C,32,43,7,20.256,1.465,3.395,0.432,0.744,2.140,0.348,0.721,1.256,0.574,0.767,1.093,0.702,0.698,2.628,3.326,1.581,0.395,0.698,0.651,1.837,4.442,11000000.000
410,Derrick Rose,MEM,PG,35,24,7,16.625,3.167,6.875,0.461,0.625,1.708,0.366,2.542,5.167,0.492,1.000,1.125,0.889,0.292,1.583,1.875,3.250,0.333,0.083,1.292,0.875,7.958,3356271.000
411,Zeke Nnaji,DEN,PF,23,58,0,9.931,1.190,2.569,0.463,0.103,0.397,0.261,1.086,2.172,0.500,0.724,1.069,0.677,1.052,1.121,2.172,0.552,0.259,0.655,0.466,1.397,3.207,8888889.000
412,JaVale McGee,SAC,C,36,46,0,7.370,1.717,2.870,0.598,0.022,0.152,0.143,1.696,2.717,0.624,0.565,0.978,0.578,0.913,1.826,2.739,0.370,0.304,0.435,0.739,1.000,4.022,2208856.000
413,Dalen Terry,CHI,SG,21,59,2,11.542,1.169,2.661,0.439,0.288,1.254,0.230,0.881,1.407,0.627,0.424,0.729,0.581,0.492,1.424,1.915,1.373,0.458,0.305,0.542,1.373,3.051,3510480.000
414,Ricky Council IV,PHI,SG,22,32,0,9.031,1.688,3.500,0.482,0.375,1.000,0.375,1.312,2.500,0.525,1.656,2.219,0.746,0.438,1.000,1.438,0.500,0.250,0.031,0.156,0.531,5.406,1891857.000
415,Mitchell Robinson,NYK,C,25,31,21,24.774,2.355,4.097,0.575,0.000,0.000,,2.355,4.097,0.575,0.871,2.129,0.409,4.581,3.903,8.484,0.581,1.194,1.129,0.806,1.774,5.581,14318182.000
416,Jalen McDaniels,TOR,SF,26,50,1,10.760,1.300,3.780,0.344,0.240,1.420,0.169,1.060,2.360,0.449,0.540,0.740,0.730,0.360,1.220,1.580,0.740,0.380,0.120,0.600,1.040,3.380,4741800.000
417,Patrick Baldwin Jr.,WAS,SF,21,38,7,12.974,1.553,4.079,0.381,0.816,2.553,0.320,0.737,1.526,0.483,0.500,0.737,0.679,0.447,2.789,3.237,0.763,0.474,0.395,0.500,1.474,4.421,2448840.000
418,Monte Morris,MIN,PG,28,33,0,14.424,1.879,4.636,0.405,0.818,2.121,0.386,1.061,2.515,0.422,0.394,0.576,0.684,0.212,1.515,1.727,2.091,0.576,0.273,0.212,0.424,4.970,2087519.000
419,Jaden Springer,BOS,PG,21,49,2,10.347,1.204,3.020,0.399,0.204,0.980,0.208,1.000,2.041,0.490,0.714,0.857,0.833,0.673,0.918,1.592,0.898,0.735,0.306,0.694,1.347,3.327,4018363.000
420,Rayan Rupert,POR,SG,19,39,12,16.231,1.385,4.128,0.335,0.718,2.000,0.359,0.667,2.128,0.313,0.487,0.641,0.760,0.615,1.744,2.359,1.590,0.308,0.077,0.795,1.436,3.974,1891857.000
421,Neemias Queta,BOS,C,24,28,0,11.893,2.393,3.714,0.644,0.000,0.000,,2.393,3.714,0.644,0.714,1.000,0.714,1.893,2.464,4.357,0.714,0.464,0.750,0.464,1.786,5.500,2162606.000
422,Javon Freeman-Liberty,TOR,PG,24,22,6,18.318,2.500,5.636,0.444,0.455,1.909,0.238,2.045,3.727,0.549,1.500,1.636,0.917,0.727,2.455,3.182,1.818,0.455,0.182,1.136,1.273,6.955,100000.000
423,Johnny Davis,WAS,SG,21,50,6,12.260,1.240,3.080,0.403,0.280,0.800,0.350,0.960,2.280,0.421,0.280,0.480,0.583,0.360,1.080,1.440,0.640,0.360,0.200,0.260,1.140,3.040,5291160.000
424,Nassir Little,PHO,SF,23,45,2,10.178,1.267,2.756,0.460,0.467,1.556,0.300,0.800,1.200,0.667,0.378,0.444,0.850,0.311,1.356,1.667,0.467,0.222,0.222,0.311,0.867,3.378,6750000.000
425,Jarred Vanderbilt,LAL,PF,24,29,6,20.034,2.034,3.931,0.518,0.276,0.931,0.296,1.759,3.000,0.586,0.828,1.241,0.667,1.414,3.345,4.759,1.241,1.241,0.172,0.966,1.483,5.172,10714286.000
426,Lindy Waters III,OKC,SG,26,38,0,7.368,1.289,2.737,0.471,0.974,2.237,0.435,0.316,0.500,0.632,0.053,0.053,1.000,0.184,0.868,1.053,0.632,0.132,0.184,0.184,0.605,3.605,2196970.000
427,A.J. Lawson,DAL,SG,23,42,0,7.405,1.286,2.881,0.446,0.310,1.190,0.260,0.976,1.690,0.577,0.357,0.548,0.652,0.333,0.857,1.190,0.476,0.238,0.071,0.333,0.524,3.238,2120693.000
428,Vit Krejci,ATL,PG,23,22,14,24.591,2.318,4.727,0.490,1.273,3.091,0.412,1.045,1.636,0.639,0.227,0.273,0.833,0.500,1.864,2.364,2.273,0.591,0.273,0.909,2.182,6.136,2162606.000
429,Noah Clowney,BRK,PF,19,23,4,16.087,2.174,4.043,0.538,0.522,1.435,0.364,1.652,2.609,0.633,0.913,1.304,0.700,1.130,2.391,3.522,0.783,0.348,0.696,0.652,1.087,5.783,3244080.000
430,Ousmane Dieng,OKC,PF,20,33,0,11.061,1.485,3.515,0.422,0.636,2.121,0.300,0.848,1.394,0.609,0.424,0.485,0.875,0.303,1.242,1.545,1.121,0.242,0.152,0.576,0.667,4.030,5027040.000
431,Andre Jackson Jr.,MIL,SG,22,57,8,10.035,0.877,1.754,0.500,0.298,0.807,0.370,0.579,0.947,0.611,0.140,0.193,0.727,0.754,1.228,1.982,0.877,0.281,0.105,0.491,1.614,2.193,1891857.000
432,Olivier-Maxence Prosper,DAL,PF,21,40,1,8.400,1.000,2.600,0.385,0.325,1.125,0.289,0.675,1.475,0.458,0.700,1.025,0.683,0.625,1.350,1.975,0.550,0.175,0.100,0.200,0.500,3.025,2870400.000
433,Alex Len,SAC,C,30,48,0,9.250,1.042,1.688,0.617,0.000,0.062,0.000,1.042,1.625,0.641,0.417,0.708,0.588,0.958,1.708,2.667,1.042,0.229,0.688,0.562,1.375,2.500,2087519.000
434,Jarace Walker,IND,PF,20,33,0,10.303,1.364,3.333,0.409,0.667,1.667,0.400,0.697,1.667,0.418,0.242,0.273,0.889,0.364,1.545,1.909,1.212,0.455,0.333,0.515,0.879,3.636,6362520.000
435,Yuta Watanabe,MEM,SF,29,34,0,13.647,1.206,3.412,0.353,0.735,2.500,0.294,0.471,0.912,0.516,0.294,0.500,0.588,0.324,1.265,1.588,0.441,0.353,0.206,0.559,1.147,3.441,2654644.000
436,Jeremiah Robinson-Earl,NOP,PF,23,39,1,8.564,1.154,2.436,0.474,0.333,1.000,0.333,0.821,1.436,0.571,0.308,0.410,0.750,0.590,1.359,1.949,0.538,0.256,0.103,0.410,0.615,2.949,2196970.000
437,Devonte' Graham,SAS,PG,28,23,0,13.609,1.652,4.696,0.352,1.087,3.609,0.301,0.565,1.087,0.520,0.565,0.696,0.813,0.217,1.348,1.565,2.130,0.391,0.087,0.739,0.609,4.957,2850000.000
438,Luka Garza,MIN,C,25,25,0,4.880,1.440,3.000,0.480,0.360,1.280,0.281,1.080,1.720,0.628,0.720,1.000,0.720,0.760,0.480,1.240,0.160,0.160,0.040,0.240,0.960,3.960,2162606.000
439,Ben Simmons,BRK,PG,27,15,12,23.933,2.867,4.933,0.581,0.000,0.000,,2.867,4.933,0.581,0.400,1.000,0.400,2.067,5.867,7.933,5.733,0.800,0.600,1.800,2.400,6.133,40338144.000
440,Jericho Sims,NYK,C,25,45,11,13.000,0.844,1.222,0.691,0.000,0.000,,0.844,1.222,0.691,0.356,0.533,0.667,1.244,2.022,3.267,0.556,0.178,0.422,0.356,1.000,2.044,2092344.000
441,Kobe Brown,LAC,PF,24,44,0,8.955,0.841,2.045,0.411,0.318,1.091,0.292,0.523,0.955,0.548,0.023,0.045,0.500,0.455,0.955,1.409,0.568,0.273,0.136,0.205,1.114,2.023,2533920.000
442,Julian Phillips,CHI,SF,20,40,0,8.075,0.800,1.925,0.416,0.300,0.950,0.316,0.500,0.975,0.513,0.325,0.475,0.684,0.300,0.600,0.900,0.325,0.175,0.175,0.250,1.000,2.225,1891857.000
443,Garrett Temple,TOR,SG,37,27,2,10.704,1.074,2.889,0.372,0.444,1.481,0.300,0.630,1.407,0.447,0.667,0.815,0.818,0.667,1.000,1.667,1.037,0.444,0.111,0.519,1.037,3.259,2087519.000
444,Gui Santos,GSW,PF,21,23,0,8.348,1.217,2.391,0.509,0.435,1.174,0.370,0.783,1.217,0.643,0.696,0.739,0.941,0.739,1.391,2.130,0.609,0.174,0.087,0.304,1.000,3.565,1891857.000
445,Kobe Bufkin,ATL,SG,20,17,0,11.529,2.000,5.412,0.370,0.529,2.353,0.225,1.471,3.059,0.481,0.235,0.471,0.500,0.353,1.588,1.941,1.588,0.412,0.294,0.588,1.176,4.765,4299000.000
446,Onuralp Bitim,CHI,SG,24,23,1,11.652,1.391,3.652,0.381,0.522,1.913,0.273,0.870,1.739,0.500,0.174,0.217,0.800,0.261,1.130,1.391,0.565,0.130,0.087,0.435,1.043,3.478,1891857.000
447,Cody Zeller,NOP,C,31,43,0,7.442,0.605,1.442,0.419,0.023,0.070,0.333,0.581,1.372,0.424,0.535,0.884,0.605,1.116,1.488,2.605,0.907,0.209,0.116,0.372,1.047,1.767,3500000.000
448,Brandon Clarke,MEM,PF,27,6,1,22.333,5.500,9.833,0.559,0.167,1.000,0.167,5.333,8.833,0.604,0.167,1.167,0.143,2.167,3.167,5.333,1.500,0.833,1.000,0.500,1.333,11.333,12500000.000
449,Colby Jones,SAC,SG,21,30,0,6.400,0.933,2.367,0.394,0.067,0.733,0.091,0.867,1.633,0.531,0.200,0.367,0.545,0.567,0.767,1.333,0.667,0.233,0.167,0.333,0.967,2.133,2120693.000
450,Charles Bassey,SAS,C,23,19,0,10.789,1.526,2.105,0.725,0.000,0.053,0.000,1.526,2.053,0.744,0.263,0.316,0.833,1.211,2.789,4.000,1.105,0.421,0.895,0.789,1.632,3.316,2087519.000
451,Cory Joseph,GSW,PG,32,26,0,11.385,0.885,2.462,0.359,0.500,1.615,0.310,0.385,0.846,0.455,0.154,0.269,0.571,0.231,0.923,1.154,1.615,0.154,0.115,0.462,0.962,2.423,3303771.000
452,P.J. Tucker,LAC,PF,38,31,10,15.677,0.581,1.613,0.360,0.419,1.129,0.371,0.161,0.484,0.333,0.097,0.097,1.000,0.903,1.839,2.742,0.516,0.516,0.226,0.258,1.742,1.677,11539000.000
453,Josh Minott,MIN,SF,21,32,0,2.844,0.531,1.125,0.472,0.125,0.312,0.400,0.406,0.812,0.500,0.375,0.438,0.857,0.125,0.406,0.531,0.250,0.156,0.156,0.062,0.312,1.562,2019699.000
454,AJ Griffin,ATL,SF,20,20,0,8.550,0.900,3.100,0.290,0.500,1.950,0.256,0.400,1.150,0.348,0.100,0.100,1.000,0.100,0.800,0.900,0.250,0.050,0.100,0.400,0.300,2.400,3889920.000
455,Sidy Cissoko,SAS,SF,19,12,0,11.750,1.333,2.750,0.485,0.083,1.000,0.083,1.250,1.750,0.714,1.000,1.250,0.800,0.667,1.167,1.833,0.833,0.583,0.250,0.250,1.500,3.750,1891857.000
456,Ryan Rollins,MIL,PG,21,13,0,6.000,1.077,2.077,0.519,0.231,0.308,0.750,0.846,1.769,0.478,1.000,1.308,0.765,0.154,0.846,1.000,1.077,0.769,0.231,0.615,0.615,3.385,600000.000
457,Jalen Pickett,DEN,SG,24,27,0,4.519,0.556,1.296,0.429,0.333,0.926,0.360,0.222,0.370,0.600,0.111,0.148,0.750,0.037,0.481,0.519,0.778,0.148,0.000,0.333,0.481,1.556,1891857.000
458,Robert Williams,POR,C,26,6,0,19.833,2.833,4.333,0.654,0.000,0.000,,2.833,4.333,0.654,1.167,1.500,0.778,1.833,4.500,6.333,0.833,1.167,1.167,1.167,2.833,6.833,12428571.000
459,Jalen Hood-Schifino,LAL,SG,20,21,0,5.190,0.476,2.143,0.222,0.095,0.714,0.133,0.381,1.429,0.267,0.571,0.952,0.600,0.095,0.524,0.619,0.381,0.143,0.095,0.429,0.619,1.619,3879840.000
460,Gabe Vincent,LAL,PG,27,11,0,19.818,1.364,4.455,0.306,0.273,2.545,0.107,1.091,1.909,0.571,0.091,0.182,0.500,0.364,0.455,0.818,1.909,0.818,0.000,0.455,1.727,3.091,11000000.000
461,Taj Gibson,DET,PF,38,20,1,10.200,0.750,1.850,0.405,0.100,0.500,0.200,0.650,1.350,0.481,0.100,0.100,1.000,0.600,1.250,1.850,0.550,0.150,0.350,0.250,1.550,1.700,2087519.000
462,Jett Howard,ORL,SF,20,18,0,3.722,0.556,1.667,0.333,0.389,1.389,0.280,0.167,0.278,0.600,0.111,0.222,0.500,0.056,0.333,0.389,0.333,0.111,0.111,0.167,0.222,1.611,5278320.000
463,Leonard Miller,MIN,SF,20,17,0,3.059,0.765,1.176,0.650,0.118,0.294,0.400,0.647,0.882,0.733,0.059,0.118,0.500,0.294,0.882,1.176,0.471,0.118,0.059,0.059,0.294,1.706,1891857.000
464,Chris Livingston,MIL,SF,20,21,0,4.286,0.524,1.048,0.500,0.048,0.238,0.200,0.476,0.810,0.588,0.143,0.190,0.750,0.143,0.857,1.000,0.238,0.095,0.000,0.238,0.714,1.238,1891857.000
465,Mouhamed Gueye,ATL,PF,21,6,0,12.167,1.333,3.833,0.348,0.500,1.500,0.333,0.833,2.333,0.357,0.833,1.000,0.833,1.667,2.000,3.667,0.667,0.833,0.667,0.167,2.167,4.000,1891857.000
466,Kendall Brown,IND,SG,20,15,0,4.200,0.533,1.000,0.533,0.000,0.133,0.000,0.533,0.867,0.615,0.333,0.533,0.625,0.200,0.133,0.333,0.333,0.000,0.000,0.133,0.600,1.400,2120693.000
467,Hunter Tyson,DEN,PF,23,18,0,2.667,0.444,1.111,0.400,0.222,0.778,0.286,0.222,0.333,0.667,0.000,0.000,,0.056,0.444,0.500,0.111,0.056,0.000,0.111,0.556,1.111,1891857.000
468,Wendell Moore Jr.,MIN,SG,22,25,0,3.000,0.360,0.720,0.500,0.000,0.240,0.000,0.360,0.480,0.750,0.000,0.000,,0.000,0.480,0.480,0.240,0.200,0.040,0.160,0.200,0.720,2537040.000
469,Jordan Walsh,BOS,SF,19,9,1,9.222,0.667,1.667,0.400,0.222,1.000,0.222,0.444,0.667,0.667,0.111,0.222,0.500,0.556,1.667,2.222,0.556,0.556,0.111,0.333,1.222,1.667,1891857.000
470,DaQuan Jeffries,NYK,SG,26,17,0,2.706,0.353,1.000,0.353,0.118,0.588,0.200,0.235,0.412,0.571,0.000,0.118,0.000,0.000,0.294,0.294,0.294,0.000,0.059,0.176,0.118,0.824,2463946.000
471,Mamadi Diakite,NYK,PF,27,6,0,4.000,0.667,1.000,0.667,0.000,0.167,0.000,0.667,0.833,0.800,0.667,1.000,0.667,0.167,0.500,0.667,0.333,0.167,0.167,0.167,0.333,2.000,2273252.000
472,Maxwell Lewis,LAL,SF,21,34,0,3.029,0.118,0.618,0.190,0.029,0.265,0.111,0.088,0.353,0.250,0.059,0.088,0.667,0.059,0.059,0.118,0.176,0.059,0.029,0.294,0.147,0.324,1891857.000
473,Ty Jerome,CLE,SG,26,2,0,7.500,1.000,2.000,0.500,0.000,0.500,0.000,1.000,1.500,0.667,0.000,0.000,,0.500,0.000,0.500,1.500,0.000,0.000,0.500,1.000,2.000,2560975.000
474,E.J. Liddell,NOP,PF,23,8,0,2.875,0.125,0.750,0.167,0.000,0.625,0.000,0.125,0.125,1.000,0.250,0.250,1.000,0.000,0.625,0.625,0.125,0.250,0.250,0.250,0.250,0.500,2120693.000
475,Dariq Whitehead,BRK,SF,19,2,0,12.000,0.500,2.500,0.200,0.000,1.500,0.000,0.500,1.000,0.500,0.500,1.000,0.500,0.000,2.000,2.000,1.500,0.000,0.500,0.000,0.000,1.500,3114240.000
476,Joshua Primo,LAC,SG,21,2,0,5.000,0.500,1.500,0.333,0.000,0.500,0.000,0.500,1.000,0.500,0.000,0.000,,0.500,0.000,0.500,0.000,0.000,0.500,2.000,0.000,1.000,2196970.000
477,Ron Harper Jr.,TOR,PF,23,1,0,4.000,0.000,0.000,,0.000,0.000,,0.000,0.000,,0.000,0.000,,0.000,0.000,0.000,1.000,0.000,0.000,0.000,2.000,0.000,2087519.000
